Name,Club,Position,Transfer age,Transfer year,Transfer price
Vitor Roque,Barcelona,Striker,18,2024,40000000
Oriol Romeu,Barcelona,Defensive midfielder,31,2023,3400000
Raphinha,Barcelona,Winger,25,2022,58000000
Jules Kounde,Barcelona,Full back,23,2022,50000000
Robert Lewandowski,Barcelona,Striker,33,2022,45000000
Pablo Torre,Barcelona,Attacking midfielder,19,2022,5000000
Ferran Torres,Barcelona,Winger,21,2022,55000000
Emerson Royal,Barcelona,Full back,22,2021,14000000
Miralem Pjanic,Barcelona,Central midfielder,30,2020,60000000
Trincao,Barcelona,Winger,20,2020,30940000
Sergino Dest,Barcelona,Full back,19,2020,21000000
Antoine Griezmann,Barcelona,Striker,28,2019,120000000
Frenkie de Jong,Barcelona,Central midfielder,22,2019,86000000
Neto,Barcelona,Goalkeeper,29,2019,26000000
Pedri,Barcelona,Central midfielder,16,2019,23000000
Junior Firpo,Barcelona,Full back,22,2019,20000000
Martin Braithwaite,Barcelona,Striker,28,2020,18000000
Matheus Fernandes,Barcelona,Attacking midfielder,21,2020,7000000
Marc Cucurella,Barcelona,Full back,20,2019,4000000
Malcom,Barcelona,Winger,21,2018,41000000
Clement Lenglet,Barcelona,Centre back,23,2018,35900000
Arthur Melo,Barcelona,Central midfielder,21,2018,31000000
Arturo Vidal,Barcelona,Defensive midfielder,31,2018,18000000
Emerson Royal,Barcelona,Full back,20,2019,12000000
Jean-Clair Todibo,Barcelona,Centre back,19,2019,1000000
Philippe Coutinho,Barcelona,Winger,25,2018,135000000
Ousmane Dembele,Barcelona,Winger,20,2017,135000000
Paulinho,Barcelona,Central midfielder,29,2017,40000000
Nelson Semedo,Barcelona,Full back,23,2017,35700000
Yerry Mina,Barcelona,Centre back,23,2018,12400000
Gerard Deulofeu,Barcelona,Winger,23,2017,12000000
Marlon,Barcelona,Centre back,21,2017,5000000
Andre Gomes,Barcelona,Central midfielder,22,2016,37000000
Paco Alcacer,Barcelona,Striker,23,2016,30000000
Samuel Umtiti,Barcelona,Centre back,22,2016,25000000
Lucas Digne,Barcelona,Full back,22,2016,16500000
Jasper Cillessen,Barcelona,Goalkeeper,27,2016,13000000
Denis Suarez,Barcelona,Attacking midfielder,22,2016,3250000
Arda Turan,Barcelona,Central midfielder,28,2015,34000000
Aleix Vidal,Barcelona,Full back,25,2015,17000000
Luis Suarez,Barcelona,Striker,27,2014,81720000
Jeremy Mathieu,Barcelona,Centre back,30,2014,20000000
Thomas Vermaelen,Barcelona,Centre back,28,2014,19000000
Ivan Rakitic,Barcelona,Central midfielder,26,2014,18000000
Marc-Andre ter Stegen,Barcelona,Goalkeeper,22,2014,12000000
Claudio Bravo,Barcelona,Goalkeeper,31,2014,12000000
Douglas Santos,Barcelona,Full back,24,2014,4000000
Endrick,Real Madrid,Striker,18,2024,47500000
Jude Bellingham,Real Madrid,Attacking midfielder,20,2023,103000000
Arda Guler,Real Madrid,Attacking midfielder,18,2023,20000000
Fran Garcia,Real Madrid,Full back,23,2023,5000000
Aurelien Tchouameni,Real Madrid,Defensive midfielder,22,2022,80000000
Eduardo Camavinga,Real Madrid,Defensive midfielder,18,2021,31000000
Eden Hazard,Real Madrid,Winger,28,2019,120800000
Luka Jovic,Real Madrid,Striker,21,2019,63000000
Eder Militao,Real Madrid,Centre back,21,2019,50000000
Ferland Mendy,Real Madrid,Full back,24,2019,48000000
Rodrygo,Real Madrid,Winger,18,2019,45000000
Reinier,Real Madrid,Attacking midfielder,18,2020,30000000
Alberto Soro,Real Madrid,Winger,20,2019,2500000
Vinicius Junior,Real Madrid,Winger,18,2018,45000000
Thibaut Courtois,Real Madrid,Goalkeeper,26,2018,35000000
Alvaro Odriozola,Real Madrid,Full back,22,2018,32000000
Mariano Diaz,Real Madrid,Striker,25,2018,21500000
Brahim Diaz,Real Madrid,Attacking midfielder,19,2019,17000000
Andriy Lunin,Real Madrid,Goalkeeper,19,2018,8500000
Theo Hernandez,Real Madrid,Full back,19,2017,24000000
Dani Ceballos,Real Madrid,Central midfielder,20,2017,16500000
Alvaro Morata,Real Madrid,Striker,23,2016,30000000
Mateo Kovacic,Real Madrid,Central midfielder,21,2015,38000000
Danilo,Real Madrid,Full back,23,2015,31500000
Casemiro,Real Madrid,Defensive midfielder,23,2015,15000000
Kiko Casilla,Real Madrid,Goalkeeper,28,2015,6000000
Jesus Vallejo,Real Madrid,Centre back,18,2015,5000000
Marco Asensio,Real Madrid,Winger,19,2015,3900000
Lucas Vazquez,Real Madrid,Winger,24,2015,1000000
James Rodriguez,Real Madrid,Attacking midfielder,23,2014,75000000
Toni Kroos,Real Madrid,Central midfielder,24,2014,25000000
Lucas Silva,Real Madrid,Defensive midfielder,21,2015,13000000
Keylor Navas,Real Madrid,Goalkeeper,27,2014,10000000
Savinho,Manchester City,Winger,20,2024,25000000
Josko Gvardiol,Manchester City,Centre back,21,2023,90000000
Matheus Nunes,Manchester City,Defensive midfielder,25,2023,62000000
Jeremy Doku,Manchester City,Winger,21,2023,60000000
Mateo Kovacic,Manchester City,Central midfielder,29,2023,29100000
Claudio Echeverri,Manchester City,Attacking midfielder,18,2024,18500000
Erling Haaland,Manchester City,Striker,21,2022,60000000
Kalvin Phillips,Manchester City,Defensive midfielder,26,2022,49000000
Manuel Akanji,Manchester City,Centre back,27,2022,20000000
Sergio Gomez,Manchester City,Full back,21,2022,15000000
Maximo Perrone,Manchester City,Defensive midfielder,20,2023,11000000
Jack Grealish,Manchester City,Winger,25,2021,117500000
Julian Alvarez,Manchester City,Striker,22,2022,21400000
Ruben Dias,Manchester City,Centre back,23,2020,71600000
Nathan Ake,Manchester City,Full back,25,2020,45300000
Ferran Torres,Manchester City,Winger,20,2020,33500000
Nahuel Bustos,Manchester City,Striker,22,2020,6500000
Yan Couto,Manchester City,Full back,18,2020,6000000
Diego Rosa,Manchester City,Defensive midfielder,18,2021,6000000
Issa Kabore,Manchester City,Full back,19,2020,4500000
Rodri,Manchester City,Defensive midfielder,23,2019,70000000
Joao Cancelo,Manchester City,Full back,25,2019,65000000
Angelino,Manchester City,Full back,22,2019,12000000
Pedro Porro,Manchester City,Full back,19,2019,12000000
Zack Steffen,Manchester City,Goalkeeper,24,2019,6820000
Slobodan Tedic,Manchester City,Striker,19,2020,3000000
Ryotaro Meshino,Manchester City,Winger,21,2020,1000000
Riyad Mahrez,Manchester City,Winger,27,2018,67800000
Ante Palaversa,Manchester City,Defensive midfielder,18,2019,6300000
Philippe Sandler,Manchester City,Centre back,21,2018,2500000
Ko Itakura,Manchester City,Centre back,21,2019,1100000
Daniel Arzani,Manchester City,Winger,19,2018,890000
Aymeric Laporte,Manchester City,Centre back,23,2018,65000000
Benjamin Mendy,Manchester City,Full back,23,2017,57500000
Kyle Walker,Manchester City,Full back,27,2017,52700000
Bernardo Silva,Manchester City,Attacking midfielder,22,2017,50000000
Ederson,Manchester City,Goalkeeper,23,2017,40000000
Danilo,Manchester City,Full back,26,2017,30000000
Douglas Luiz,Manchester City,Defensive midfielder,19,2017,12000000
Jack Harrison,Manchester City,Winger,21,2018,4000000
Olarenwaju Kayode,Manchester City,Striker,24,2017,3800000
Luka Ilic,Manchester City,Attacking midfielder,18,2017,2500000
John Stones,Manchester City,Centre back,22,2016,55600000
Leroy Sane,Manchester City,Winger,20,2016,52000000
Gabriel Jesus,Manchester City,Striker,19,2017,32000000
Ilkay Gundogan,Manchester City,Central midfielder,25,2016,27000000
Claudio Bravo,Manchester City,Goalkeeper,33,2016,18000000
Nolito,Manchester City,Winger,29,2016,18000000
Marlos Moreno,Manchester City,Winger,19,2016,5500000
Geronimo Rulli,Manchester City,Goalkeeper,24,2016,4700000
Oleksandr Zinchenko,Manchester City,Full back,19,2016,2250000
Yangel Herrera,Manchester City,Central midfielder,19,2017,1000000
Pablo Mari,Manchester City,Centre back,22,2016,200000
Kevin de Bruyne,Manchester City,Attacking midfielder,24,2015,76000000
Raheem Sterling,Manchester City,Winger,20,2015,63700000
Nicolas Otamendi,Manchester City,Centre back,27,2015,44500000
Fabian Delph,Manchester City,Central midfielder,25,2015,11500000
Patrick Roberts,Manchester City,Winger,18,2015,7200000
Enes Unal,Manchester City,Striker,18,2015,4400000
Eliaquim Mangala,Manchester City,Centre back,23,2014,45000000
Wilfried Bony,Manchester City,Striker,26,2015,32300000
Fernando,Manchester City,Defensive midfielder,26,2014,15000000
Willy Caballero,Manchester City,Goalkeeper,32,2014,8000000
Bruno Zuculini,Manchester City,Defensive midfielder,21,2014,2500000
Leny Yoro,Manchester United,Centre back,18,2024,62000000
Joshua Zirkzee,Manchester United,Striker,23,2024,42500000
Rasmus Hojlund,Manchester United,Striker,20,2023,73900000
Mason Mount,Manchester United,Goalkeeper,27,2023,50200000
Altay Bayindir,Manchester United,Goalkeeper,25,2023,5000000
Antony,Manchester United,Winger,22,2022,95000000
Casemiro,Manchester United,Defensive midfielder,30,2022,70650000
Lisandro Martinez,Manchester United,Centre back,24,2022,57370000
Tyrell Malacia,Manchester United,Full back,22,2022,15000000
Jadon Sancho,Manchester United,Winger,21,2021,85000000
Raphael Varane,Manchester United,Centre back,28,2021,40000000
Cristiano Ronaldo,Manchester United,Striker,36,2021,17000000
Donny van de Beek,Manchester United,Central midfielder,23,2020,39000000
Amad Diallo,Manchester United,Winger,18,2021,21300000
Alex Telles,Manchester United,Full back,27,2020,15000000
Facundo Pellistri,Manchester United,Winger,18,2020,8500000
Harry Maguire,Manchester United,Centre back,26,2019,87000000
Bruno Fernandes,Manchester United,Attacking midfielder,25,2020,65000000
Aaron Wan-Bissaka,Manchester United,Full back,21,2019,55000000
Daniel James,Manchester United,Winger,21,2019,17800000
Fred,Manchester United,Central midfielder,25,2018,59000000
Diogo Dalot,Manchester United,Full back,19,2018,22000000
Lee Grant,Manchester United,Goalkeeper,35,2018,1700000
Romelu Lukaku,Manchester United,Striker,24,2017,84700000
Nemanja Matic,Manchester United,Defensive midfielder,28,2017,44700000
Victor Lindelof,Manchester United,Centre back,22,2017,35000000
Alexis Sanchez,Manchester United,Winger,29,2018,34000000
Paul Pogba,Manchester United,Central midfielder,23,2016,105000000
Henrikh Mkhitaryan,Manchester United,Attacking midfielder,27,2016,42000000
Eric Bailly,Manchester United,Centre back,22,2016,38000000
Anthony Martial,Manchester United,Striker,19,2015,60000000
Morgan Schneiderlin,Manchester United,Defensive midfielder,25,2015,35000000
Memphis Depay,Manchester United,Striker,21,2015,34000000
Matteo Darmian,Manchester United,Full back,25,2015,18000000
Bastian Schweinsteiger,Manchester United,Central midfielder,30,2015,9000000
Angel Di Maria,Manchester United,Winger,26,2014,75000000
Luke Shaw,Manchester United,Full back,18,2014,37500000
Ander Herrera,Manchester United,Central midfielder,24,2014,36000000
Marcos Rojo,Manchester United,Centre back,24,2014,20000000
Daley Blind,Manchester United,Centre back,24,2014,17500000
Vanja Milinkovic-Savic,Manchester United,Goalkeeper,17,2014,1750000
Riccardo Calafiori,Arsenal,Full back,22,2024,45000000
David Raya,Arsenal,Goalkeeper,28,2024,31900000
Declan Rice,Arsenal,Defensive midfielder,24,2023,116600000
Kai Havertz,Arsenal,Attacking midfielder,24,2023,75000000
Jurrien Timber,Arsenal,Centre back,22,2023,40000000
Gabriel Jesus,Arsenal,Striker,25,2022,52200000
Oleksandr Zinchenko,Arsenal,Full back,25,2022,35000000
Fabio Vieira,Arsenal,Attacking midfielder,22,2022,35000000
Leandro Trossard,Arsenal,Winger,28,2023,24000000
Jakub Kiwior,Arsenal,Centre back,22,2023,19500000
Jorginho,Arsenal,Defensive midfielder,31,2023,11300000
Matt Turner,Arsenal,Goalkeeper,28,2022,5900000
Marquinhos,Arsenal,Winger,19,2022,3500000
Ben White,Arsenal,Full back,23,2021,58500000
Martin Odegaard,Arsenal,Attacking midfielder,22,2021,35000000
Aaron Ramsdale,Arsenal,Goalkeeper,23,2021,28000000
Takehiro Tomiyasu,Arsenal,Full back,22,2021,18600000
Albert Sambi Lokonga,Arsenal,Central midfielder,21,2021,17500000
Nuno Tavares,Arsenal,Full back,21,2021,8000000
Auston Trusty,Arsenal,Centre back,23,2022,1800000
Thomas Partey,Arsenal,Defensive midfielder,27,2020,50000000
Gabriel Magalhaes,Arsenal,Centre back,22,2020,26000000
Pablo Mari,Arsenal,Centre back,26,2020,6000000
Runar Alex Runarsson,Arsenal,Goalkeeper,25,2020,2000000
Nicolas Pepe,Arsenal,Winger,24,2019,80000000
William Saliba,Arsenal,Centre back,18,2019,30000000
Kieran Tierney,Arsenal,Full back,22,2019,27000000
David Luiz,Arsenal,Centre back,32,2019,8700000
Gabriel Martinelli,Arsenal,Winger,18,2019,7100000
Lucas Torreira,Arsenal,Defensive midfielder,22,2018,28650000
Bernd Leno,Arsenal,Goalkeeper,26,2018,25000000
Sokratis Papastathopoulos,Arsenal,Centre back,30,2018,16000000
Matteo Guendouzi,Arsenal,Central midfielder,19,2018,8000000
Pierre-Emerick Aubameyang,Arsenal,Striker,28,2018,63750000
Alexandre Lacazette,Arsenal,Striker,26,2017,53000000
Henrikh Mkhitaryan,Arsenal,Attacking midfielder,29,2018,34000000
Konstantinos Mavropanos,Arsenal,Centre back,20,2018,2100000
Granit Xhaka,Arsenal,Defensive midfielder,23,2016,45000000
Shkodran Mustafi,Arsenal,Centre back,24,2016,41000000
Lucas Perez,Arsenal,Striker,27,2016,20000000
Takuma Asano,Arsenal,Winger,21,2016,4000000
Rob Holding,Arsenal,Centre back,20,2016,3000000
Petr Cech,Arsenal,Goalkeeper,33,2015,14000000
Mohamed Elneny,Arsenal,Defensive midfielder,23,2016,12500000
Alexis Sanchez,Arsenal,Winger,25,2014,42500000
Calum Chambers,Arsenal,Full back,19,2014,20230000
Danny Welbeck,Arsenal,Striker,23,2014,20000000
Mathieu Debuchy,Arsenal,Full back,28,2014,15000000
Gabriel Paulista,Arsenal,Centre back,24,2015,15000000
David Ospina,Arsenal,Goalkeeper,25,2014,4000000
Krystian Bielik,Arsenal,Centre back,17,2015,2250000
Dominik Szoboszlai,Liverpool,Central midfielder,22,2023,70000000
Aleixis Mac Allister,Liverpool,Central midfielder,24,2023,42000000
Ryan Gravenberch,Liverpool,Central midfielder,21,2023,40000000
Wataru Endo,Liverpool,Defensive midfielder,30,2023,20000000
Darwin Nunez,Liverpool,Striker,23,2022,85000000
Cody Gakpo,Liverpool,Winger,23,2023,42000000
Fabio Carvalho,Liverpool,Attacking midfielder,19,2022,5900000
Calvin Ramsay,Liverpool,Full back,18,2022,4900000
Luis Diaz,Liverpool,Winger,25,2022,50000000
Ibrahima Konate,Liverpool,Centre back,22,2021,40000000
Diogo Jota,Liverpool,Winger,23,2020,44700000
Thiago Alcantara,Liverpool,Central midfielder,29,2020,22000000
Kostas Tsimikas,Liverpool,Full back,24,2020,13000000
Ben Davies,Liverpool,Centre back,25,2021,1850000
Takumi Minamino,Liverpool,Winger,24,2019,8500000
Sepp van den Berg,Liverpool,Centre back,17,2020,1900000
Alisson,Liverpool,Goalkeeper,25,2018,62500000
Naby Keita,Liverpool,Central midfielder,23,2018,60000000
Fabinho,Liverpool,Defensive midfielder,24,2018,45000000
Xherdan Shaqiri,Liverpool,Winger,26,2018,14700000
Virgil van Dijk,Liverpool,Centre back,26,2018,84650000
Mohamed Salah,Liverpool,Winger,25,2017,42000000
Alex Oxlade-Chamberlain,Liverpool,Central midfielder,24,2017,38000000
Andrew Robertson,Liverpool,Full back,23,2017,9000000
Sadio Mane,Liverpool,Winger,24,2016,41200000
Georginio Wijnaldum,Liverpool,Central midfielder,25,2016,27500000
Loris Karius,Liverpool,Goalkeeper,23,2016,6200000
Ragnar Klavan,Liverpool,Centre back,30,2016,5000000
Christian Benteke,Liverpool,Striker,24,2015,46500000
Roberto Firmino,Liverpool,Striker,23,2015,41000000
Nathaniel Clyne,Liverpool,Full back,24,2015,17700000
Danny Ings,Liverpool,Striker,22,2015,8300000
Marko Grujic,Liverpool,Defensive midfielder,19,2016,7000000
Joe Gomez,Liverpool,Centre back,18,2015,4900000
Taiwo Awoniyi,Liverpool,Striker,18,2015,1100000
Adam Lallana,Liverpool,Attacking midfielder,26,2014,31000000
Dejan Lovren,Liverpool,Centre back,25,2014,25300000
Lazar Markovic,Liverpool,Winger,20,2014,25000000
Mario Balotelli,Liverpool,Striker,24,2014,20000000
Alberto Moreno,Liverpool,Full back,22,2014,18000000
Divock Origi,Liverpool,Striker,19,2014,12630000
Emre Can,Liverpool,Defensive midfielder,20,2014,12000000
Rickie Lambert,Liverpool,Striker,32,2014,5500000
Kiernan Dewsbury-Hall,Chelsea,Central midfielder,25,2024,35400000
Filip Jorgensen,Chelsea,Goalkeeper,22,2024,24500000
Omari Kellyman,Chelsea,Attacking midfielder,18,2024,22500000
Renato Veiga,Chelsea,Defensive midfielder,20,2024,14000000
Caleb Wiley,Chelsea,Full back,19,2024,10100000
Marc Guiu,Chelsea,Striker,18,2024,6000000
Moises Caicedo,Chelsea,Defensive midfielder,21,2023,116000000
Romeo Lavia,Chelsea,Defensive midfielder,19,2023,62100000
Christopher Nkunku,Chelsea,Attacking midfielder,25,2023,60000000
Cole Palmer,Chelsea,Attacking midfielder,21,2023,47000000
Axel Disasi,Chelsea,Centre back,25,2023,45000000
Nicolas Jackson,Chelsea,Striker,22,2023,37000000
Lesley Ugochukwu,Chelsea,Defensive midfielder,19,2023,27000000
Robert Sanchez,Chelsea,Goalkeeper,25,2023,23000000
Djordje Petrovic,Chelsea,Goalkeeper,23,2023,16000000
Deivid Washington,Chelsea,Striker,18,2023,16000000
Angelo,Chelsea,Winger,18,2023,15000000
Enzo Fernandez,Chelsea,Central midfielder,22,2023,121000000
Wesley Fofana,Chelsea,Centre back,21,2022,80400000
Mykhaylo Mudryk,Chelsea,Winger,22,2023,70000000
Marc Cucurella,Chelsea,Full back,24,2022,65300000
Raheem Sterling,Chelsea,Winger,27,2022,56200000
Kalidou Koulibaly,Chelsea,Centre back,31,2022,41900000
Benoit Badiashile,Chelsea,Centre back,21,2023,38000000
Noni Madueke,Chelsea,Winger,20,2023,35000000
Malo Gusto,Chelsea,Full back,19,2023,30000000
Carney Chukwuemeka,Chelsea,Central midfielder,18,2022,18000000
Cesare Casadei,Chelsea,Central midfielder,19,2022,14860000
Andrey Santos,Chelsea,Central midfielder,18,2023,12500000
Pierre-Emerick Aubameyang,Chelsea,Striker,33,2022,12000000
Datro Fofana,Chelsea,Striker,20,2023,12000000
Gabriel Slonina,Chelsea,Goalkeeper,18,2022,9090000
Romelu Lukaku,Chelsea,Striker,28,2021,113000000
Kai Havertz,Chelsea,Attacking midfielder,21,2020,80000000
Timo Werner,Chelsea,Striker,24,2020,53000000
Ben Chilwell,Chelsea,Full back,23,2020,50200000
Hakim Ziyech,Chelsea,Winger,27,2020,40000000
Edouard Mendy,Chelsea,Goalkeeper,28,2020,24000000
Mateo Kovacic,Chelsea,Central midfielder,25,2019,45000000
Kepa Arrizabalaga,Chelsea,Goalkeeper,23,2018,80000000
Christian Pulisic,Chelsea,Winger,20,2019,64000000
Jorginho,Chelsea,Defensive midfielder,26,2018,57000000
Alvaro Morata,Chelsea,Striker,24,2017,66000000
Tiemoue Bakayoko,Chelsea,Defensive midfielder,22,2017,40000000
Danny Drinkwater,Chelsea,Central midfielder,27,2017,37900000
Antonio Rudiger,Chelsea,Centre back,24,2017,35000000
Davide Zappacosta,Chelsea,Full back,25,2017,25000000
Emerson Palmieri,Chelsea,Full back,23,2018,20000000
Olivier Giroud,Chelsea,Striker,31,2018,17000000
Ross Barkley,Chelsea,Central midfielder,24,2018,16800000
Ethan Ampadu,Chelsea,Centre back,16,2017,2800000
Michy Batshuayi,Chelsea,Striker,22,2016,39000000
N'Golo Kante,Chelsea,Defensive midfielder,25,2016,35800000
David Luiz,Chelsea,Centre back,29,2016,35000000
Marcos Alonso,Chelsea,Full back,25,2016,23000000
Pedro,Chelsea,Winger,28,2015,27000000
Abdul Rahman Baba,Chelsea,Full back,21,2015,26000000
Asmir Begovic,Chelsea,Goalkeeper,28,2015,11000000
Kenedy,Chelsea,Winger,19,2015,8000000
Michael Hector,Chelsea,Centre back,23,2015,5400000
Matt Miazga,Chelsea,Centre back,20,2016,4600000
Nathan,Chelsea,Attacking midfielder,19,2015,4000000
Papy Djilobodji,Chelsea,Centre back,26,2015,3500000
Diego Costa,Chelsea,Striker,25,2014,38000000
Cesc Fabregas,Chelsea,Central midfielder,27,2014,33000000
Juan Cuadrado,Chelsea,Full back,26,2015,31000000
Filipe Luis,Chelsea,Full back,28,2014,20000000
Loic Remy,Chelsea,Striker,27,2014,13200000
Mario Pasalic,Chelsea,Central midfielder,19,2014,2500000
Michael Olise,Bayern Munich,Winger,22,2024,53000000
Joao Palhinha,Bayern Munich,Defensive midfielder,29,2024,51000000
Hiroki Ito,Bayern Munich,Centre back,25,2024,23500000
Bryan Zaragoza,Bayern Munich,Winger,22,2024,13000000
Nestory Irankunda,Bayern Munich,Winger,18,2024,3400000
Harry Kane,Bayern Munich,Striker,30,2023,95000000
Min-jae Kim,Bayern Munich,Centre back,26,2023,50000000
Sacha Boey,Bayern Munich,Full back,23,2024,30000000
Daniel Peretz,Bayern Munich,Goalkeeper,23,2023,5000000
Matthijs de Ligt,Bayern Munich,Centre back,22,2022,67000000
Sadio Mane,Bayern Munich,Winger,30,2022,32000000
Mathys Tel,Bayern Munich,Winger,17,2022,20000000
Ryan Gravenberch,Bayern Munich,Central midfielder,20,2022,18500000
Yann Sommer,Bayern Munich,Goalkeeper,34,2023,9000000
Dayot Upamecano,Bayern Munich,Centre back,22,2021,42500000
Marcel Sabitzer,Bayern Munich,Central midfielder,27,2021,15000000
Leroy Sane,Bayern Munich,Winger,24,2020,49000000
Marc Roca,Bayern Munich,Defensive midfielder,23,2020,9000000
Bouna Sarr,Bayern Munich,Full back,28,2020,8000000
Lucas Hernandez,Bayern Munich,Full back,23,2019,80000000
Benjamin Pavard,Bayern Munich,Centre back,23,2019,35000000
Michael Cuisance,Bayern Munich,Central midfielder,20,2019,8000000
Fiete Arp,Bayern Munich,Striker,19,2019,3000000
Alphonso Davies,Bayern Munich,Full back,18,2019,14000000
Corentin Tolisso,Bayern Munich,Central midfielder,22,2017,41500000
Kingsley Coman,Bayern Munich,Winger,21,2017,21000000
Niklas Sule,Bayern Munich,Centre back,21,2017,20000000
Sandro Wagner,Bayern Munich,Striker,30,2018,13000000
Serge Gnabry,Bayern Munich,Winger,21,2017,8000000
Mats Hummels,Bayern Munich,Centre back,27,2016,35000000
Renato Sanches,Bayern Munich,Central midfielder,18,2016,35000000
Arturo Vidal,Bayern Munich,Central midfielder,28,2015,39250000
Douglas Costa,Bayern Munich,Winger,24,2015,30000000
Joshua Kimmich,Bayern Munich,Full back,20,2015,8500000
Sven Ulreich,Bayern Munich,Goalkeeper,26,2015,3500000
Medhi Benatia,Bayern Munich,Centre back,27,2014,28000000
Juan Bernat,Bayern Munich,Full back,21,2014,10000000
Xabi Alonso,Bayern Munich,Defensive midfielder,32,2014,9000000
Pepe Reina,Bayern Munich,Goalkeeper,31,2014,3000000
Sinan Kurt,Bayern Munich,Winger,18,2014,3000000
Ivan Lucic,Bayern Munich,Goalkeeper,19,2014,400000
Waldemar Anton,Dortmund,Centre back,27,2024,22500000
Serhou Guirassy,Dortmund,Striker,28,2024,18000000
Pascal Gross,Dortmund,Central midfielder,33,2024,7000000
Felix Nmecha,Dortmund,Central midfielder,22,2023,30000000
Marcel Sabitzer,Dortmund,Central midfielder,29,2023,19000000
Niclas Fullkrug,Dortmund,Striker,30,2023,17000000
Sebastian Haller,Dortmund,Striker,28,2022,31000000
Karim Adeyemi,Dortmund,Winger,20,2022,30000000
Nico Schlotterbeck,Dortmund,Centre back,22,2022,20000000
Julien Duranville,Dortmund,Winger,16,2023,8500000
Salih Ozcan,Dortmund,Defensive midfielder,24,2022,5000000
Julian Ryerson,Dortmund,Full back,25,2023,5000000
Donyell Malen,Dortmund,Winger,22,2021,30000000
Gregor Kobel,Dortmund,Goalkeeper,23,2021,15000000
Jude Bellingham,Dortmund,Attacking midfielder,17,2020,30150000
Emre Can,Dortmund,Defensive midfielder,26,2020,25000000
Mats Hummels,Dortmund,Centre back,30,2019,30500000
Thorgan Hazard,Dortmund,Winger,26,2019,25500000
Nico Schulz,Dortmund,Full back,26,2019,25500000
Julian Brandt,Dortmund,Attacking midfielder,23,2019,25000000
Paco Alcacer,Dortmund,Striker,25,2019,21000000
Erling Haaland,Dortmund,Striker,19,2020,20000000
Abdou Diallo,Dortmund,Centre back,22,2018,28000000
Axel Witsel,Dortmund,Central midfielder,29,2018,20000000
Thomas Delaney,Dortmund,Central midfielder,26,2018,20000000
Leonardo Balerdi,Dortmund,Centre back,19,2019,15500000
Marius Wolf,Dortmund,Full back,23,2018,5000000
Andriy Yarmolenko,Dortmund,Winger,27,2017,25000000
Manuel Akanji,Dortmund,Centre back,22,2018,21500000
Jadon Sancho,Dortmund,Winger,17,2017,20590000
Maximilian Philipp,Dortmund,Striker,23,2017,20000000
Omer Toprak,Dortmund,Centre back,27,2017,12000000
Mahmoud Dahoud,Dortmund,Central midfielder,21,2017,12000000
Jeremy Toljan,Dortmund,Full back,23,2017,7000000
Sergio Gomez,Dortmund,Full back,17,2018,3000000
Ousmane Dembele,Dortmund,Winger,19,2016,35000000
Andre Schurrle,Dortmund,Winger,25,2016,30000000
Mario Gotze,Dortmund,Attacking midfielder,24,2016,22000000
Raphael Guerreiro,Dortmund,Full back,22,2016,12000000
Sebastian Rode,Dortmund,Central midfielder,25,2016,12000000
Emre Mor,Dortmund,Winger,18,2016,9750000
Alexander Isak,Dortmund,Striker,17,2017,8600000
Marc Bartra,Dortmund,Centre back,25,2016,8000000
Mikel Merino,Dortmund,Central midfielder,20,2016,3750000
Gonzalo Castro,Dortmund,Central midfielder,28,2015,11000000
Roman Burki,Dortmund,Goalkeeper,24,2015,3500000
Ju-ho Park,Dortmund,Full back,28,2015,3000000
Julian Weigl,Dortmund,Defensive midfielder,19,2015,2500000
Ciro Immobile,Dortmund,Striker,24,2014,18500000
Kevin Kampl,Dortmund,Central midfielder,24,2015,12000000
Matthias Ginter,Dortmund,Centre back,20,2014,10000000
Adrian Ramos,Dortmund,Striker,28,2014,9700000
Shinji Kagawa,Dortmund,Attacking midfielder,25,2014,8000000
Nuri Sahin,Dortmund,Defensive midfielder,25,2014,7000000
Matvey Safonov,Paris Saint-Germain,Goalkeeper,25,2024,20000000
Randal Kolo Muani,Paris Saint-Germain,Striker,24,2023,95000000
Goncalo Ramos,Paris Saint-Germain,Striker,22,2024,65000000
Manuel Ugarte,Paris Saint-Germain,Defensive midfielder,22,2023,60000000
Ousmane Dembele,Paris Saint-Germain,Winger,26,2023,50000000
Lucas Hernandez,Paris Saint-Germain,Full back,27,2023,45000000
Bradley Barcola,Paris Saint-Germain,Winger,20,2023,45000000
Hugo Ekitike,Paris Saint-Germain,Striker,21,2023,28500000
Kang-in Lee,Paris Saint-Germain,Attacking midfielder,22,2023,22000000
Lucas Beraldo,Paris Saint-Germain,Centre back,20,2024,20000000
Gabriel Moscardo,Paris Saint-Germain,Defensive midfielder,18,2024,20000000
Xavi Simons,Paris Saint-Germain,Attacking midfielder,20,2023,4000000
Vitinha,Paris Saint-Germain,Central midfielder,22,2022,41500000
Nuno Mendes,Paris Saint-Germain,Full back,20,2022,38000000
Fabian Ruiz,Paris Saint-Germain,Central midfielder,26,2022,22500000
Carlos Soler,Paris Saint-Germain,Central midfielder,25,2022,18000000
Renato Sanches,Paris Saint-Germain,Central midfielder,24,2022,15000000
Nordi Mukiele,Paris Saint-Germain,Full back,24,2022,12000000
Achraf Hakimi,Paris Saint-Germain,Full back,22,2021,68000000
Danilo Pereira,Paris Saint-Germain,Defensive midfielder,29,2021,16000000
Mauro Icardi,Paris Saint-Germain,Striker,27,2020,50000000
Sergio Rico,Paris Saint-Germain,Goalkeeper,27,2020,6000000
Rafinha,Paris Saint-Germain,Attacking midfielder,27,2020,1500000
Abdou Diallo,Paris Saint-Germain,Centre back,23,2019,32000000
Idrissa Gueye,Paris Saint-Germain,Defensive midfielder,29,2019,30000000
Pablo Sarabia,Paris Saint-Germain,Winger,27,2019,18000000
Keylor Navas,Paris Saint-Germain,Goalkeeper,32,2019,15000000
Kylian Mbappe,Paris Saint-Germain,Striker,19,2018,180000000
Leandro Paredes,Paris Saint-Germain,Defensive midfielder,24,2019,40000000
Thilo Kehrer,Paris Saint-Germain,Centre back,21,2018,37000000
Juan Bernat,Paris Saint-Germain,Full back,25,2018,5000000
Neymar,Paris Saint-Germain,Winger,25,2017,222000000
Yuri Berchiche,Paris Saint-Germain,Full back,27,2017,16000000
Julian Draxler,Paris Saint-Germain,Winger,23,2017,36000000
Goncalo Guedes,Paris Saint-Germain,Winger,20,2017,30000000
Grzegorz Krychowiak,Paris Saint-Germain,Defensive midfielder,26,2016,27500000
Jese Rodriguez,Paris Saint-Germain,Winger,23,2016,25000000
Giovani Lo Celso,Paris Saint-Germain,Attacking midfielder,20,2016,10000000
Thomas Meunier,Paris Saint-Germain,Full back,24,2016,6000000
Angel Di Maria,Paris Saint-Germain,Winger,27,2015,63000000
Layvin Kurzawa,Paris Saint-Germain,Full back,22,2015,25000000
Serge Aurier,Paris Saint-Germain,Full back,22,2015,10000000
Kevin Trapp,Paris Saint-Germain,Goalkeeper,25,2015,9500000
Benjamin Stambouli,Paris Saint-Germain,Defensive midfielder,24,2015,8600000
David Luiz,Paris Saint-Germain,Centre back,27,2014,49500000
Douglas Luiz,Juventus,Central midfielder,26,2024,51500000
Khephren Thuram,Juventus,Central midfielder,23,2024,20600000
Juan Cabal,Juventus,Full back,23,2024,12800000
Manuel Locatelli,Juventus,Defensive midfielder,25,2023,36400000
Moise Kean,Juventus,Striker,23,2023,30000000
Timothy Weah,Juventus,Full back,23,2023,11000000
Arkadiusz Milik,Juventus,Striker,29,2023,7300000
Tiago Djalo,Juventus,Centre back,23,2024,5100000
Facundo Gonzalez,Juventus,Centre back,20,2023,1750000
Bremer,Juventus,Centre back,25,2022,46900000
Federico Chiesa,Juventus,Winger,24,2022,44600000
Filip Kostic,Juventus,Full back,29,2022,14700000
Andrea Cambiasso,Juventus,Full back,22,2022,13300000
Dusan Vlahovic,Juventus,Striker,22,2022,83500000
Weston McKennie,Juventus,Central midfielder,22,2021,21900000
Denis Zakaria,Juventus,Defensive midfielder,25,2022,11350000
Federico Gatti,Juventus,Centre back,23,2022,9000000
Kaio Jorge,Juventus,Striker,19,2021,7000000
Mohamed Ihattaren,Juventus,Winger,19,2021,1900000
Arthur Melo,Juventus,Defensive midfielder,24,2020,80600000
Nicolo Rovella,Juventus,Defensive midfielder,19,2021,26000000
Rolando Mandragora,Juventus,Defensive midfielder,23,2020,15000000
Stefano Gori,Juventus,Goalkeeper,24,2020,3200000
Matthijs de Ligt,Juventus,Centre back,19,2019,85500000
Dejan Kulusevski,Juventus,Winger,19,2020,39000000
Danilo,Juventus,Full back,28,2019,37000000
Cristian Romero,Juventus,Centre back,21,2019,31500000
Luca Pellegrini,Juventus,Full back,20,2019,22800000
Merih Demiral,Juventus,Centre back,21,2019,19500000
Cristiano Ronaldo,Juventus,Striker,33,2018,117000000
Joao Cancelo,Juventus,Full back,24,2018,40400000
Douglas Costa,Juventus,Winger,27,2018,40000000
Leonardo Bonucci,Juventus,Centre back,31,2018,35000000
Mattia Perin,Juventus,Goalkeeper,25,2018,16300000
Andrea Favilli,Juventus,Striker,21,2018,7500000
Giangiacomo Magnani,Juventus,Centre back,22,2018,5000000
Federico Bernardeschi,Juventus,Winger,23,2017,40000000
Blaise Matuidi,Juventus,Central midfielder,30,2017,25000000
Rodrigo Bentancur,Juventus,Central midfielder,20,2017,21700000
Juan Cuadrado,Juventus,Full back,29,2017,20000000
Wojciech Szczesny,Juventus,Goalkeeper,27,2017,18400000
Medhi Benatia,Juventus,Centre back,30,2017,16700000
Mattia De Sciglio,Juventus,Full back,24,2017,12000000
Leonardo Mancuso,Juventus,Striker,25,2018,4500000
Dario Del Fabro,Juventus,Centre back,22,2017,4500000
Ferdinando Del Sole,Juventus,Winger,19,2017,3700000
Matheus Pereira,Juventus,Central midfielder,19,2017,2000000
Gonzalo Higuain,Juventus,Striker,28,2016,90000000
Miralem Pjanic,Juventus,Central midfielder,26,2016,32000000
Marko Pjaca,Juventus,Winger,21,2016,29400000
Mattia Caldara,Juventus,Centre back,22,2017,19000000
Mario Lemina,Juventus,Defensive midfielder,22,2016,9800000
Tomas Rincon,Juventus,Defensive midfielder,28,2017,8000000
Riccardo Orsolini,Juventus,Winger,20,2017,6000000
Paulo Dybala,Juventus,Striker,21,2015,41000000
Alex Sandro,Juventus,Full back,24,2015,28000000
Mario Mandzukic,Juventus,Striker,29,2015,19000000
Simone Zaza,Juventus,Striker,24,2015,18000000
Roberto Pereyra,Juventus,Central midfielder,24,2015,15000000
Hernanes,Juventus,Attacking midfielder,30,2015,13000000
Rolando Mandragora,Juventus,Defensive midfielder,18,2016,9000000
Alberto Brignoli,Juventus,Goalkeeper,23,2015,2350000
Eric Lanini,Juventus,Striker,21,2015,2000000
Andres Tello,Juventus,Central midfielder,18,2015,1600000
Alvaro Morata,Juventus,Striker,21,2014,20000000
Stefano Sturaro,Juventus,Central midfielder,21,2014,10600000
Luca Marrone,Juventus,Centre back,24,2014,5000000
Daniele Rugani,Juventus,Centre back,20,2015,4200000
Patrice Evra,Juventus,Full back,33,2014,1900000
Davide Frattesi,Internazionale,Central midfielder,24,2024,29000000
Josep Martinez,Internazionale,Goalkeeper,26,2024,13500000
Carlos Augusto,Internazionale,Full back,25,2024,13000000
Marko Arnautovic,Internazionale,Striker,35,2024,8000000
Benjamin Pavard,Internazionale,Centre back,27,2023,30000000
Kristjan Asllani,Internazionale,Defensive midfielder,21,2023,10000000
Tajon Buchanan,Internazionale,Full back,24,2024,7000000
Yann-Aurel Bisseck,Internazionale,Centre back,22,2023,7000000
Yann Sommer,Internazionale,Goalkeeper,34,2023,6750000
Francesco Acerbi,Internazionale,Centre back,35,2023,4000000
Robin Gosens,Internazionale,Full back,27,2022,27400000
Joaquin Correa,Internazionale,Striker,27,2022,27300000
Zinho Vanheusden,Internazionale,Centre back,21,2021,16200000
Denzel Dumfries,Internazionale,Full back,25,2021,14250000
Matteo Darmian,Internazionale,Full back,31,2021,3300000
Edin Dzeko,Internazionale,Striker,35,2021,2800000
Achraf Hakimi,Internazionale,Full back,21,2020,43000000
Nicolo Barella,Internazionale,Central midfielder,23,2020,32500000
Stefano Sensi,Internazionale,Central midfielder,25,2020,25000000
Andrea Pinamonti,Internazionale,Striker,21,2020,21000000
Darian Males,Internazionale,Winger,19,2020,2500000
Aleksandar Kolarov,Internazionale,Full back,34,2020,1500000
Arturo Vidal,Internazionale,Central midfielder,33,2020,1000000
Romelu Lukaku,Internazionale,Striker,26,2019,74000000
Christian Eriksen,Internazionale,Central midfielder,27,2020,27000000
Valentino Lazaro,Internazionale,Full back,23,2019,22400000
Matteo Politano,Internazionale,Winger,25,2019,21100000
Andrei Radu,Internazionale,Goalkeeper,22,2019,10600000
Eddie Salcedo,Internazionale,Striker,17,2019,10000000
Gabriel Brazao,Internazionale,Goalkeeper,18,2019,6300000
Lucien Agoume,Internazionale,Defensive midfielder,17,2019,4500000
Ashley Young,Internazionale,Full back,34,2020,1700000
Radja Nainggolan,Internazionale,Central midfielder,30,2018,38000000
Lautaro Martinez,Internazionale,Striker,20,2018,25000000
Yann Karamoh,Internazionale,Winger,19,2018,6500000
Andreaw Gravillon,Internazionale,Centre back,20,2019,6100000
Federico Dimarco,Internazionale,Full back,20,2018,5000000
Milan Skriniar,Internazionale,Centre back,22,2017,34000000
Alessandro Bastoni,Internazionale,Centre back,18,2017,31100000
Matias Vecino,Internazionale,Central midfielder,25,2017,24000000
Dalbert,Internazionale,Full back,23,2017,21000000
Roberto Gagliardini,Internazionale,Central midfielder,23,2017,20500000
Borja Valero,Internazionale,Central midfielder,32,2017,6500000
Joao Mario,Internazionale,Central midfielder,23,2016,44780000
Gabriel Barbosa,Internazionale,Striker,20,2016,29500000
Antonio Candreva,Internazionale,Winger,29,2016,22000000
Stevan Jovetic,Internazionale,Striker,27,2017,13500000
Joao Miranda,Internazionale,Centre back,31,2016,11000000
Cristian Ansaldi,Internazionale,Full back,29,2016,10500000
Eder,Internazionale,Striker,29,2016,9800000
Gianluca Caprari,Internazionale,Striker,22,2016,8250000
Dodo,Internazionale,Full back,24,2016,7800000
Marcelo Brozovic,Internazionale,Defensive midfielder,23,2016,5000000
Geoffrey Kondogbia,Internazionale,Defensive midfielder,22,2015,36000000
Ivan Perisic,Internazionale,Winger,26,2015,19000000
Xherdan Shaqiri,Internazionale,Attacking midfielder,23,2015,15000000
Jeison Murillo,Internazionale,Centre back,23,2015,8000000
Felipe Melo,Internazionale,Centre back,32,2015,4200000
Davide Santon,Internazionale,Full back,24,2015,3700000
Gary Medel,Internazionale,Defensive midfielder,27,2014,8000000
Andrea Bandini,Internazionale,Full back,20,2014,1250000
Rene Krhin,Internazionale,Defensive midfielder,24,2014,1200000
Cristiano Biraghi,Internazionale,Full back,21,2014,700000
Strahinja Pavlovic,Milan,Centre back,23,2024,18000000
Alvaro Morata,Milan,Striker,31,2024,13000000
Alex Jimenez,Milan,Full back,19,2024,5000000
Samuel Chukwueze,Milan,Winger,24,2023,20000000
Christian Pulisic,Milan,Winger,24,2023,20000000
Yunus Musah,Milan,Central midfielder,20,2023,20000000
Tijjani Reijnders,Milan,Central midfielder,24,2023,19000000
Ruben Loftus-Cheek,Milan,Central midfielder,27,2023,18500000
Noah Okafor,Milan,Winger,23,2023,14000000
Filippo Terracciano,Milan,Full back,20,2024,4500000
Marco Pellegrino,Milan,Centre back,21,2023,3500000
Charles De Ketelaere,Milan,Attacking midfielder,21,2022,36500000
Malick Thiaw,Milan,Centre back,21,2022,8800000
Junior Messias,Milan,Winger,31,2022,6200000
Alessandro Florenzi,Milan,Full back,31,2022,2650000
Devis Vazquez,Milan,Goalkeeper,24,2023,810000
Fikayo Tomori,Milan,Centre back,23,2021,34400000
Mike Maignan,Milan,Goalkeeper,25,2021,16400000
Sandro Tonali,Milan,Defensive midfielder,21,2021,15750000
Yacine Adli,Milan,Central midfielder,21,2021,8750000
Fode Ballo-Toure,Milan,Full back,24,2021,5400000
Olivier Giroud,Milan,Striker,34,2021,4800000
Marko Lazetic,Milan,Striker,18,2022,4500000
Alexis Saelemaekers,Milan,Winger,21,2020,7650000
Ante Rebic,Milan,Winger,26,2020,6700000
Jens Petter Hauge,Milan,Winger,20,2020,4800000
Simon Kjaer,Milan,Centre back,31,2020,3680000
Pierre Kalulu,Milan,Centre back,20,2020,1390000
Ciprian Tatarusanu,Milan,Goalkeeper,34,2020,1000000
Rafael Leao,Milan,Winger,20,2019,49500000
Franck Kessie,Milan,Defensive midfielder,22,2019,32000000
Theo Hernandez,Milan,Full back,21,2019,22800000
Ismael Bennacer,Milan,Defensive midfielder,21,2019,17200000
Leo Duarte,Milan,Centre back,23,2019,10600000
Rade Krunic,Milan,Defensive midfielder,25,2019,8600000
Lucas Paqueta,Milan,Attacking midfielder,21,2019,38400000
Mattia Caldara,Milan,Centre back,24,2018,37740000
Krzysztof Piatek,Milan,Striker,23,2019,35000000
Nikola Kalinic,Milan,Striker,30,2018,22500000
Samu Castillejo,Milan,Winger,23,2018,21300000
Diego Laxalt,Milan,Full back,25,2018,19000000
Fabio Borini,Milan,Winger,27,2018,5500000
Leonardo Bonucci,Milan,Centre back,30,2017,42000000
Andre Silva,Milan,Striker,21,2017,38000000
Andrea Conti,Milan,Full back,23,2017,24000000
Hakan Calhanoglu,Milan,Defensive midfielder,23,2017,23300000
Lucas Biglia,Milan,Defensive midfielder,31,2017,19700000
Mateo Musacchio,Milan,Centre back,26,2017,18000000
Ricardo Rodriguez,Milan,Full back,24,2017,15000000
Antonio Donnarumma,Milan,Goalkeeper,27,2017,980000
Gustavo Gomez,Milan,Centre back,23,2016,9560000
Gianluca Lapadula,Milan,Striker,26,2016,9500000
Jose Sosa,Milan,Central midfielder,31,2016,7500000
Carlos Bacca,Milan,Striker,28,2015,33300000
Alessio Romagnoli,Milan,Centre back,20,2015,25000000
Andrea Bertolacci,Milan,Central midfielder,24,2015,21000000
Luiz Adriano,Milan,Striker,28,2015,14000000
Luca Antonelli,Milan,Full back,28,2015,4500000
Juraj Kucka,Milan,Central midfielder,28,2015,4000000
Simone Verdi,Milan,Attacking midfielder,22,2015,450000
Matteo Pessina,Milan,Central midfielder,18,2015,30000
Giacomo Bonaventura,Milan,Central midfielder,25,2014,5300000
Adil Rami,Milan,Centre back,28,2014,4250000
Gabriel Paletta,Milan,Centre back,28,2015,2500000
Susu,Milan,Winger,21,2015,1300000
Fernando Torres,Milan,Striker,30,2014,1000000
Michelangelo Albertazzi,Milan,Full back,23,2014,550000
Robin Le Normand,Atletico,Centre back,27,2024,34500000
Antoine Griezmann,Atletico,Striker,32,2023,22000000
Arthur Vermeeren,Atletico,Central midfielder,18,2024,18000000
Samu Omorodion,Atletico,Striker,19,2023,6000000
Javi Galan,Atletico,Full back,28,2023,5000000
Santiago Mourino,Atletico,Centre back,21,2023,2700000
Horatiu Moldovan,Atletico,Goalkeeper,26,2024,800000
Nahuel Molina,Atletico,Full back,24,2022,20000000
Samuel Lino,Atletico,Winger,22,2022,6500000
Memphis Depay,Atletico,Striker,28,2023,3000000
Rodrigo de Paul,Atletico,Central midfielder,27,2021,35000000
Matheus Cunha,Atletico,Striker,22,2021,35000000
Reinildo Mandava,Atletico,Full back,28,2022,3000000
Daniel Wass,Atletico,Central midfielder,32,2022,2700000
Alvaro Morata,Atletico,Striker,27,2020,35000000
Yannick Carrasco,Atletico,Winger,27,2020,27000000
Geoffrey Kondogbia,Atletico,Defensive midfielder,27,2020,16000000
Luis Suarez,Atletico,Striker,33,2020,9000000
Ivo Grbic,Atletico,Goalkeeper,24,2021,3500000
Joao Felix,Atletico,Striker,19,2019,127200000
Marcos Llorente,Atletico,Central midfielder,24,2019,30000000
Mario Hermoso,Atletico,Centre back,24,2019,25000000
Kieran Trippier,Atletico,Full back,28,2019,22000000
Renan Lodi,Atletico,Full back,21,2019,21750000
Felipe,Atletico,Centre back,30,2019,20000000
Nicolas Ibanez,Atletico,Striker,24,2019,900000
Ivan Saponjic,Atletico,Striker,21,2019,500000
Thomas Lemar,Atletico,Attacking midfielder,22,2018,72000000
Gelson Martins,Atletico,Winger,23,2018,22000000
Rodri,Atletico,Defensive midfielder,22,2018,20000000
Nikola Kalinic,Atletico,Striker,30,2018,14500000
Santiago Arias,Atletico,Full back,26,2018,11000000
Jonny Otto,Atletico,Full back,24,2018,7000000
Nehuen Perez,Atletico,Centre back,18,2018,2000000
Antonio Adan,Atletico,Goalkeeper,31,2018,1500000
Diego Costa,Atletico,Striker,29,2018,60000000
Vitolo,Atletico,Winger,27,2017,35600000
Kevin Gameiro,Atletico,Striker,29,2016,32000000
Nico Gaitan,Atletico,Attacking midfielder,28,2016,25000000
Sime Vrsaljko,Atletico,Full back,24,2016,14000000
Diogo Jota,Atletico,Winger,19,2016,7000000
Axel Werner,Atletico,Goalkeeper,20,2016,800000
Jackson Martinez,Atletico,Striker,28,2015,35000000
Luciano Vietto,Atletico,Striker,21,2015,20000000
Filipe Luis,Atletico,Full back,29,2015,16000000
Yannick Carrasco,Atletico,Winger,21,2015,15000000
Stefan Savic,Atletico,Centre back,24,2015,12000000
Matias Kranevitter,Atletico,Defensive midfielder,22,2015,6000000
Bernard Mensah,Atletico,Attacking midfielder,20,2015,6000000
Rafael Borre,Atletico,Striker,19,2015,5000000
Augusto Fernandez,Atletico,Central midfielder,29,2016,4000000
Antoine Griezmann,Atletico,Striker,23,2014,30000000
Mario Mandzukic,Atletico,Striker,28,2014,22000000
Jan Oblak,Atletico,Goalkeeper,21,2014,16000000
Alessio Cerci,Atletico,Winger,27,2014,14000000
Raul Jimenez,Atletico,Striker,23,2014,10500000
Angel Correa,Atletico,Winger,19,2015,10500000
Guilherme Siqueira,Atletico,Full back,28,2014,10000000
Miguel Moya,Atletico,Goalkeeper,30,2014,3000000
Jesus Gamez,Atletico,Full back,29,2014,2000000
Emiliano Velazquez,Atletico,Centre back,20,2014,1000000
Andre Moreira,Atletico,Goalkeeper,18,2014,350000
Archie Gray,Tottenham,Full back,18,2024,41250000
Lucas Bergvall,Tottenham,Central midfielder,18,2024,10000000
Min-hyeok Yang,Tottenham,Winger,18,2024,4150000
Brennan Johnson,Tottenham,Winger,22,2023,55000000
James Maddison,Tottenham,Attacking midfielder,26,2023,46300000
Pedro Porro,Tottenham,Full back,23,2023,40000000
Micky van de Ven,Tottenham,Centre back,22,2023,40000000
Dejan Kulusevski,Tottenham,Winger,23,2023,30000000
Radu Dragusin,Tottenham,Centre back,21,2024,25000000
Guglielmo Vicario,Tottenham,Goalkeeper,26,2023,18500000
Alejo Veliz,Tottenham,Striker,19,2023,15000000
Ashley Phillips,Tottenham,Centre back,18,2023,2300000
Richarlison,Tottenham,Striker,25,2022,58000000
Cristian Romero,Tottenham,Centre back,24,2022,52000000
Yves Bissouma,Tottenham,Defensive midfielder,25,2022,29200000
Destiny Udogie,Tottenham,Full back,19,2022,18000000
Djed Spence,Tottenham,Full back,21,2022,14700000
Bryan Gil,Tottenham,Winger,20,2021,25000000
Emerson Royal,Tottenham,Full back,22,2021,25000000
Rodrigo Bentancur,Tottenham,Central midfielder,24,2022,19000000
Pape Matar Sarr,Tottenham,Central midfielder,18,2021,16900000
Giovani Lo Celso,Tottenham,Attacking midfielder,24,2020,32000000
Sergio Reguilon,Tottenham,Full back,23,2020,30000000
Matt Doherty,Tottenham,Full back,28,2020,16800000
Pierre-Emile Hojbjerg,Tottenham,Defensive midfielder,25,2020,16600000
Joe Rodon,Tottenham,Centre back,22,2020,12100000
Tanguy Ndombele,Tottenham,Central midfielder,22,2019,62000000
Steven Bergwijn,Tottenham,Winger,22,2020,30000000
Ryan Sessegnon,Tottenham,Full back,19,2019,27000000
Jack Clarke,Tottenham,Winger,18,2019,11000000
Davinson Sanchez,Tottenham,Centre back,21,2017,42000000
Lucas Moura,Tottenham,Winger,25,2018,28400000
Serge Aurier,Tottenham,Full back,24,2017,25000000
Fernando Llorente,Tottenham,Striker,32,2017,15100000
Juan Foyth,Tottenham,Full back,19,2017,10500000
Moussa Sissoko,Tottenham,Central midfielder,27,2016,35000000
Vincent Janssen,Tottenham,Striker,22,2016,22000000
Victor Wanyama,Tottenham,Defensive midfielder,25,2016,14400000
Georges-Kevin N'Koudou,Tottenham,Winger,21,2016,11000000
Heung-min Son,Tottenham,Winger,23,2015,30000000
Toby Alderweireld,Tottenham,Centre back,26,2015,16000000
Clinton N'Jie,Tottenham,Winger,22,2015,14100000
Kevin Wimmer,Tottenham,Centre back,22,2015,6000000
Kieran Trippier,Tottenham,Full back,24,2015,4900000
Ben Davies,Tottenham,Full back,21,2014,12650000
Federico Fazio,Tottenham,Centre back,27,2014,10000000
Dele Alli,Tottenham,Attacking midfielder,18,2015,6630000
Benjamin Stambouli,Tottenham,Defensive midfielder,24,2014,5900000
Michel Vorm,Tottenham,Goalkeeper,30,2014,5700000
Eric Dier,Tottenham,Centre back,20,2014,5000000
DeAndre Yedlin,Tottenham,Full back,21,2014,2600000
