Number;Player;Team;Age;InStat Index;Matches played;Position;Goals;Penalty;"Penalties
 scored";Non-penalty Goals;xG (Expected goals);Shots;Shots on target, %;Assists;Expected assists;Сhances created;Key passes;Key passes accurate;Passes;Accurate passes;Crosses accurate;Dribbles successful;Attacking challenges won;Defensive challenges won;Air challenges won;Ball recoveries in opponent's half;Tackles successful;Ball interceptions
10;Cong Phuong Nguyen;Hoang Anh Gia;26;257;12;CM;0.54;0.27;0.27;0.27;0.4;3;26%;0;0.25;0.89;1.16;0.45;41;35;0.09;3.8;6;2.9;0.72;0.81;2.2;1.43
28;Hoang Duc Nguyen;Viettel;23;241;12;DM;0.09;0;0;0.09;0.05;1.35;27%;0.18;0.46;0.81;1.17;0.72;40;32;0.54;2.3;4;3.3;1.44;1.53;1.62;4.8
3;Dong-Su Kim;Hoang Anh Gia;26;240;11;CD;0;0;0;0;0.04;0.34;25%;0;0.03;0.09;0.26;0.09;45;39;0;0.09;0.6;7;4.5;0.85;1.37;7
45;Le Van Xuan;Ha Noi;22;237;9;LD;0.11;0;0;0.11;0.05;0.76;43%;0.11;0.15;0.33;0.55;0.22;56;48;0.76;0.98;1.53;5;1.85;1.2;2.1;4.8
17;Van Thanh Vu;Hoang Anh Gia;25;236;12;RD;0.16;0;0;0.16;0.09;0.97;25%;0.08;0.14;0.4;0.48;0.24;47;40;0.65;1.05;2.9;3.3;1.7;0.57;0.81;3.6
95;Gustavo;Than Quang Ninh;26;236;7;CD;0;0;0;0;0;0;0;0;0.03;0;0;0;50;41;0;0.8;2.5;11;7;0.67;2.3;7
10;Van Quyet Nguyen;Ha Noi;30;234;10;LM;0.11;0;0;0.11;0.24;1.79;35%;0.21;0.68;1.48;1.79;1.26;48;38;1.26;1.37;4.1;2;0.95;0.95;1.58;1.69
11;Rodrigo Dias;Nam Dinh;27;234;12;F;0.54;0.08;0.08;0.46;0.32;2.7;43%;0.23;0.28;0.7;0.54;0.39;30;18;0;1.24;15;1.16;14;0.46;0.15;2.9
22;Nguyen Cong Nhut;Da Nang;0;234;3;LD;0;0;0;0;0.05;0.34;0;0.34;0.2;0.67;0.67;0.67;50;46;0.67;1.01;1.68;4.7;3;1.01;1.34;5
24;Lee Nguyen;Ho Chi Minh;35;233;9;CM;0.56;0.22;0.22;0.34;0.31;1.22;73%;0.11;0.2;0.89;1.33;0.78;47;37;0.22;2.7;4;1.22;0.22;0.44;0.78;1.67
8;Trong Hoang Nguyen;Viettel;32;233;11;RM;0.33;0;0;0.33;0.18;1.41;38%;0;0.27;0.54;0.98;0.33;31;24;0.33;1.85;5.1;3.2;1.09;0.76;1.85;1.85
6;Xuan Truong Luong;Hoang Anh Gia;26;233;11;DM;0.1;0;0;0.1;0.03;0.97;30%;0;0.08;0.29;0.87;0.19;59;50;0.1;1.26;3.2;3.7;0.58;0.97;2;3.1
94;Geovani;Ha Noi;27;233;11;CM;0.57;0;0;0.57;0.37;2.8;41%;0.1;0.26;0.95;0.76;0.48;28;21;0.57;2.1;5.4;1.71;2.7;0.48;0.48;2.5
18;Bruno Oliveira;Viettel;31;232;5;F;0.45;0;0;0.45;0.72;7;40%;0;0.14;1.35;0.45;0.45;28;22;0.45;5;9;0.9;0.9;0.45;0;1.35
28;Duy Manh Do;Ha Noi;25;230;10;CD;0.11;0;0;0.11;0.03;0.32;33%;0.11;0.08;0.21;0.42;0.11;51;45;0.11;0.21;1.16;5.5;3;0.53;1.27;5.8
7;Hong Duy Nguyen Phong;Hoang Anh Gia;25;229;11;LD;0;0;0;0;0.03;0.63;43%;0.09;0.07;0.45;0.27;0.18;39;31;0.36;1.96;3;4.5;1.25;0.36;2.1;4.2
8;Minh Vuong Tran;Hoang Anh Gia;26;228;11;CM;0.39;0.1;0.1;0.29;0.18;1.36;50%;0.1;0.12;0.68;0.58;0.39;36;31;0.19;2.1;4.6;2.3;0.87;0.68;1.55;1.84
27;Quang Vinh Lieu;Da Nang;22;228;4;CD;0;0;0;0;0;0;0;0.41;0.1;0.41;0.81;0.41;30;25;0.41;0.81;2.8;5.3;2.4;0.41;0.81;7
95;Sant Ana Santos Gustavo;Than Quang Ninh;26;228;4;CD;0;0;0;0;0.17;0.7;67%;0;0.09;0.23;0.23;0;43;35;0.23;0.23;2.3;7;5.1;0.23;1.87;7
19;Quang Hai Nguyen;Ha Noi;24;227;9;CM;0.12;0;0;0.12;0.17;2.1;35%;0.12;0.38;0.85;1.46;0.61;44;35;0.61;2.2;3.9;2.3;0.36;0.36;1.21;1.94
7;Caique;Viettel;28;226;11;F;0.3;0;0;0.3;0.24;1.82;61%;0.2;0.21;1.42;1.21;0.81;22;17;0.2;2.3;9;1.11;3.3;0.71;0.91;1.82
4;Damir Memovic;Hoang Anh Gia;32;225;11;CD;0;0;0;0;0.08;0.54;33%;0;0;0.18;0.18;0.09;37;30;0;0.09;0.72;7;3;0.99;2.5;5.4
4;Tien Dung Bui;Viettel;26;225;11;CD;0.1;0;0;0.1;0.06;0.58;50%;0;0.03;0.29;0.19;0;32;27;0;0;1.25;4.9;3.9;0.77;0.77;5.3
15;Nguyen Huu Tuan;Hoang Anh Gia;29;225;12;CD;0;0;0;0;0;0;0;0;0;0;0;0;41;34;0;0.55;1.41;7;1.41;0.55;2.6;5
30;Washington;Hoang Anh Gia;31;223;12;F;0.24;0;0;0.24;0.15;1.1;43%;0.39;0.23;0.86;0.94;0.71;22;17;0.39;1.8;7;0.94;2.5;0.47;0.55;1.41
93;Jan;Da Nang;28;223;12;CD;0;0;0;0;0.08;0.55;57%;0;0;0.16;0.08;0;33;26;0.08;0.63;2.2;9;5.6;0.31;2.2;7
28;Nguyen Van Vi;Hong Linh;23;223;10;LD;0;0;0;0;0.05;0.26;0;0;0.08;0.66;1.18;0.52;51;43;0.52;1.57;2.6;3.4;0.26;0.66;1.83;4.1
11;Jahongir Abdumuminov;Viettel;28;222;9;DM;0;0;0;0;0.13;0.97;22%;0;0.07;0.11;0.32;0.11;44;36;0.22;0.43;2.3;5.5;1.3;1.51;3;5
5;Thiago Melo;Sai Gon;29;222;8;CD;0;0;0;0;0.08;0.6;20%;0;0.03;0.48;0.36;0.24;35;28;0;0.24;1.91;8;4.8;0.95;1.67;7
10;Pedro Paulo;Viettel;27;222;7;F;0.31;0;0;0.31;0.29;2.3;27%;0.15;0.26;1.08;1.08;0.77;25;19;0.31;1.38;7;0.46;2;0.46;0.31;0.77
21;Dinh Trong Tran;Ha Noi;24;222;5;CD;0;0;0;0;0;0;0;0;0.11;0;0;0;50;43;0.3;0.3;1.21;4.5;2.1;0.6;1.21;8
88;Duy Thuong Bui;Viettel;25;222;11;RD;0;0;0;0;0.02;0.29;33%;0.19;0.1;0.29;0.29;0.19;44;36;0.58;0.96;2.3;5.1;2.4;1.16;1.54;4.1
11;Pham Thanh Long Le;Thanh Hoa;25;222;12;DM;0;0;0;0;0.02;0.71;56%;0.24;0.23;0.64;0.87;0.4;48;39;0.4;1.91;4.1;3.3;1.03;1.19;2.1;4.5
91;Gramoz Kurtaj;Thanh Hoa;30;221;11;CM;0.37;0.09;0.09;0.28;0.24;1.03;73%;0.37;0.24;1.03;1.31;0.94;35;26;0.47;0.56;7;0.75;4.1;0.65;0.28;1.59
29;Van Dai Ngan;Ha Noi;29;221;12;RM;0.37;0;0;0.37;0.29;1.95;44%;0.12;0.14;1.22;1.1;0.49;31;23;0.61;1.59;4;2.2;1.71;0.98;1.34;1.83
68;Bui Hoang Viet Anh;Ha Noi;22;221;9;CD;0;0;0;0;0.18;0.79;57%;0.23;0.15;0.34;0.34;0.34;38;31;0;0.34;1.59;7;4.8;0.57;2;7
7;Xuan Manh Pham;Song Lam Nghe A;25;220;11;RD;0;0;0;0;0.08;0.76;25%;0;0.08;0.95;0.95;0.57;38;31;0.95;1.23;2.8;7;3.5;0.66;2.1;6
44;P. Diakité;Sai Gon;28;219;4;CD;0;0;0;0;0;0;0;0;0.03;0;0;0;37;32;0.26;0.26;1.28;5.4;4.3;0.51;0.77;8
73;A. Oussou Konan;Nam Dinh;32;219;10;F;0.75;0;0;0.75;0.52;2.3;57%;0;0.1;0.86;0;0;17;11;0;1.4;5.6;1.08;3.1;0.54;0.22;1.08
8;Mac Hong Quan;Than Quang Ninh;29;219;11;CM;0;0;0;0;0.04;0.94;22%;0.1;0.13;0.63;1.26;0.42;36;28;0.1;1.99;5.7;2.1;1.57;0.84;1.36;2.5
97;Rafaelson;Da Nang;24;219;12;F;0.5;0;0;0.5;0.34;3.1;35%;0.08;0.15;0.83;0.99;0.58;25;18;0.08;1.49;9;0.91;5.5;0.08;0.5;1.4
74;Thai Quy Truong Van;Ha Noi;24;219;8;CM;0;0;0;0;0.06;0.81;0;0.2;0.03;0.2;1.41;0.2;47;39;1.01;1.81;3.4;6;3.8;1.01;2.4;4.8
11;Van Hiep Nguyen;Hong Linh;27;219;6;RM;0.31;0;0;0.31;0.1;1.86;50%;0.62;0.73;1.86;2.5;0.93;34;22;0.62;2.8;6;1.55;1.24;0.31;1.55;2.2
24;Ismahil Akinade;Hong Linh;27;218;12;F;0.11;0;0;0.11;0.24;1.83;53%;0.21;0.19;1.4;1.18;0.64;21;12;0.32;2;10;2.5;7;0.21;0.75;2.9
8;Zé Paulo;Thanh Hoa;27;218;12;DM;0.16;0;0;0.16;0.12;1.49;47%;0.08;0.18;0.71;1.02;0.55;29;23;0.16;4.5;7;3.2;2.7;0.47;1.18;3.8
9;Van Toan Nguyen;Hoang Anh Gia;25;218;12;RM;0.59;0.08;0.08;0.51;0.31;1.61;53%;0.25;0.21;0.85;0.76;0.68;16;12;0.08;1.7;4.4;1.02;0.68;0.34;0.68;0.76
15;Van Loi Trinh;Thanh Hoa;26;218;11;RD;0.17;0;0;0.17;0.07;0.77;44%;0.09;0.11;0.17;0.17;0.17;31;23;0.6;0.51;1.89;5.4;3.6;0.09;1.03;6
12;K. Oahimijie;Hong Linh;29;218;11;DM;0.1;0;0;0.1;0.06;0.29;67%;0;0.03;0.1;0.1;0.1;44;36;0;1.14;2.9;8;3.7;0.76;2.6;5.3
28;Van Vu To;Binh Duong;27;218;11;RM;0.18;0;0;0.18;0.15;1.49;29%;0.18;0.27;0.61;1.14;0.44;37;25;0.53;2.8;5.4;3;0.88;1.05;1.23;0.96
9;Xuan Tan Hoang;Nam Dinh;20;218;12;RD;0.08;0;0;0.08;0.02;0.55;43%;0.08;0.27;0.23;0.47;0.23;34;25;1.25;0.7;1.79;5.5;1.17;0.39;3;4.3
7;Phi Son Tran;Hong Linh;29;217;12;CM;0.18;0;0;0.18;0.08;1.66;44%;0.09;0.29;0.74;1.38;0.65;32;23;1.02;2.8;5.7;1.48;0.28;0.92;1.11;2.5
5;Ngoc Toan Vo;Da Nang;26;217;11;DM;0;0;0;0;0.03;0.38;25%;0;0.08;0.28;0.19;0.09;43;37;0;0.94;2.7;5.7;0.94;1.32;3.5;4.9
10;Hendrio Araujo;Binh Dinh;27;217;12;CM;0.16;0;0;0.16;0.15;1.76;32%;0.24;0.23;0.8;1.2;0.8;28;22;0.56;2.7;6;2.6;2.6;0.4;1.12;2.5
4;Tan Tai Ho;Binh Dinh;23;217;11;RD;0.26;0;0;0.26;0.1;1.3;40%;0.17;0.06;0.43;0.52;0.17;39;29;0.35;1.22;2.4;6;2.3;0.61;2.4;6
29;Trong Long Nguyen;Ho Chi Minh;21;217;6;DM;0;0;0;0;0.08;0.4;0;0.2;0.04;0.4;0.61;0.4;42;37;0;1.82;2.6;5.7;1.62;0.61;2.6;5.1
3;Ngoc Hai Que;Viettel;28;216;10;CD;0.1;0;0;0.1;0.05;0.42;50%;0;0.05;0.1;0.31;0.1;38;31;0.1;0.42;0.94;5.3;3.1;0.31;1.15;4.3
10;Tuan Hai Pham;Hong Linh;23;216;12;CM;0.36;0;0;0.36;0.26;2.1;29%;0;0.09;0.45;0.53;0.36;30;25;0.18;0.71;1.96;2.9;1.34;0.62;1.16;3.7
12;Van Truong Dinh;Nam Dinh;24;216;10;LD;0;0;0;0;0.01;0.46;0;0.09;0.14;0.09;0.28;0.09;36;28;0.28;1.58;2.5;7;0.83;0.65;3.5;8
10;Van Thang Le;Thanh Hoa;31;215;8;RM;0.24;0;0;0.24;0.49;1.78;40%;0.12;0.14;0.71;0.83;0.47;23;17;0.24;1.19;4.6;3.4;1.9;0.24;2.5;1.78
99;Eydison;Than Quang Ninh;33;215;12;LM;0.47;0.08;0.08;0.39;0.34;1.8;56%;0;0.08;0.08;0.39;0.08;19;14;0.08;1.64;5.2;2.6;2.8;0.63;1.33;1.8
39;Geoffrey Baba Kizito;Than Quang Ninh;28;215;11;RD;0.09;0;0;0.09;0.05;0.6;43%;0.17;0.03;0.26;0.09;0.09;48;42;0.26;0.51;2.3;4.2;1.62;1.36;1.45;5.5
5;Van Khanh Hoang;Song Lam Nghe A;26;215;8;CD;0;0;0;0;0;0;0;0;0;0;0;0;28;23;0;0.31;0.31;7;2.9;0.15;1.85;5.2
13;Van Kien Tran;Ha Noi;25;215;10;RD;0;0;0;0;0.02;0.29;33%;0.1;0.08;0.2;0.2;0.1;51;43;0.59;1.08;2.2;4.1;0.69;0.69;2.5;4.4
88;Ali Rabo;Binh Duong;35;214;9;CD;0.1;0;0;0.1;0.04;0.52;60%;0;0.03;0.21;0.52;0.21;43;37;0;0.1;0.83;3.5;2.4;0.1;0.73;7
99;Dario da Silva;0;30;214;8;RM;0.15;0;0;0.15;0.12;1.48;80%;0.15;0.14;0.74;0.74;0.3;23;17;0.15;6;8;1.03;0.3;0.89;0.59;2.2
10;Victor Mansaray;Binh Duong;24;214;11;RM;0.17;0;0;0.17;0.16;0.94;36%;0.17;0.12;0.68;0.68;0.43;29;22;0.77;3.8;8;1.03;3.2;0.17;0.51;1.8
88;Hung Dung Do;Ha Noi;28;214;4;CM;0.37;0;0;0.37;0.17;0.73;50%;0;0.19;0.37;1.1;0.37;43;34;0.73;1.1;2.2;2.2;1.1;0.73;1.1;5.5
15;Trong Sang Truong;Hong Linh;28;214;10;CD;0;0;0;0;0;0.12;100%;0;0;0;0;0;39;33;0;0.12;0.71;8;3.9;0.47;2.1;7
11;Thanh Luong Pham;Ha Noi;33;213;11;LM;0;0;0;0;0.08;1.4;33%;0;0.59;0.7;1.16;0.7;64;57;1.16;4.2;5.6;1.16;0;0.23;0.7;1.16
39;Samson Kayode Olaleye;Thanh Hoa;33;213;5;F;0.64;0;0;0.64;0.85;3;29%;0;0.04;0.43;0.43;0.21;18;11;0.43;2.1;9;0.43;5.4;0.21;0.21;1.29
5;Van Thiet Truong;Viettel;26;213;6;LD;0;0;0;0;0;0;0;0;0.01;0;0;0;46;36;0.22;0.88;1.99;6;3.3;0.66;0.66;3.5
23;Van Trien Cao;Sai Gon;28;213;12;DM;0;0;0;0;0.01;0.62;50%;0.08;0.06;0.16;0.78;0.16;52;44;0.08;0.86;2.5;4.9;1.79;1.25;2.6;7
14;Van Thuan Do;Ho Chi Minh;29;213;10;DM;0;0;0;0;0.02;0.39;0;0.1;0.14;0.29;0.39;0.2;55;49;0.29;0.88;1.47;3.5;1.18;0.88;1.67;4.8
4;Tang Tien Nguyen;Ho Chi Minh;27;213;4;CD;0;0;0;0;0;0;0;0;0;0;0;0;48;43;0;0.36;1.07;4.3;1.42;0;1.07;5.7
9;Ngoc Son Tran;Viettel;24;213;4;LD;0;0;0;0;0;0;0;0;0.07;0;0;0;41;36;1.91;1.91;2.6;5.1;1.28;1.28;0.64;4.5
37;Tran Van Cong;Hong Linh;22;213;12;DM;0;0;0;0;0.04;0.5;60%;0;0.02;0.1;0;0;49;43;0;1.3;2.4;6;1.1;1.1;2.4;5.8
7;Ngoc Duc Sam;Ho Chi Minh;29;212;11;LD;0.11;0;0;0.11;0.01;0.53;20%;0;0.04;0.53;0.21;0.21;49;41;0.21;1.8;3.6;5.2;1.59;0.95;2.7;4.2
33;Duong Van Hao;Viettel;24;212;11;LM;0;0;0;0;0.13;1.71;53%;0;0.19;0.69;0.91;0.57;29;21;0.34;2.9;7;3;1.26;0.91;1.6;3.1
93;Thanh Binh Nguyen;Viettel;20;212;11;CD;0;0;0;0;0;0;0;0;0;0;0;0;46;38;0;0.15;1.39;6;2.2;1.08;2.6;6
12;Igor Jelic;Song Lam Nghe A;31;211;10;CD;0;0;0;0;0.02;0.71;17%;0;0.03;0.12;0;0;30;24;0;0.59;1.06;5.1;3.5;0.12;0.59;7
7;Huu Dung Nguyen;Thanh Hoa;26;211;7;DM;0;0;0;0;0.04;0.45;0;0;0.02;0;0.45;0;28;22;0;0.67;2.2;5.6;0.89;0.67;2.9;3.6
6;Hoang Anh Ly Cong;Hong Linh;22;211;7;DM;0.24;0;0;0.24;0.07;1.21;40%;0;0;0.24;0.24;0;30;24;0.24;2.2;3.6;3.4;0.73;0.97;2.7;0.73
20;Pape Omar Faye;Binh Duong;34;210;12;F;0;0.08;0;0;0.12;0.79;20%;0.16;0.18;0.71;0.86;0.55;37;29;0.39;2;5.8;4.6;4.2;0.63;1.49;2.9
8;Moses Oloya;Ha Noi;28;210;10;DM;0;0;0;0;0.01;0.11;100%;0;0.18;0;0.34;0;57;51;0;1.01;1.91;3.6;1.91;1.46;0.9;6
5;Minh Tung Nguyen;Thanh Hoa;29;210;12;CD;0;0;0;0;0.01;0.08;100%;0.08;0.09;0.16;0.08;0.08;38;30;0;0.47;1.64;4.1;2.1;0.55;0.31;7
17;Ti Phong Lam;Ho Chi Minh;25;210;12;RM;0.23;0;0;0.23;0.11;1.05;44%;0;0.09;0.47;0.93;0.23;38;31;0.7;3;5.4;2.1;0.7;0.35;1.28;1.63
11;João Paulo;Ho Chi Minh;24;210;12;F;0;0;0;0;0.15;3.6;34%;0;0.17;0.66;1.41;0.38;34;26;0.28;3.4;7;1.13;1.5;0.38;0.47;0.94
10;Daisuke Matsui;Sai Gon;40;209;7;CM;0;0.19;0;0;0.17;0.58;100%;0;0.27;0.77;1.15;0.77;52;38;0.96;4.2;6;2.1;1.34;0.58;1.15;2.7
14;Tan Tai Le;Ha Noi;37;209;6;CM;0;0;0;0;0.06;0.45;0;0.23;0.17;0.68;0.68;0.45;56;50;0.45;0.9;2;1.58;0.45;0.68;0.9;2.3
11;Van Long Phan;Da Nang;25;209;9;RM;0;0;0;0;0.1;1.42;22%;0.16;0.3;0.79;0.79;0.63;37;25;0.47;2.2;5.4;4.7;1.73;0.79;2.2;2
27;Quach Tan Giang Tran;Hong Linh;29;208;6;LM;0;0;0;0;0.09;1.38;50%;0.35;0.47;2.1;2.1;1.73;29;23;0;4.2;7;2.4;0.35;0.35;2.1;1.38
90;Felipe Martins;Song Lam Nghe A;30;208;3;F;0.31;0;0;0.31;0.33;2.2;57%;0;0.01;0.31;0.31;0.31;14;10;0;1.87;7;2.5;3.4;0.31;0.62;2.2
12;Hoa Hung Trinh;Than Quang Ninh;29;208;8;RD;0;0;0;0;0.01;0.22;0;0;0.14;0.43;0.86;0.22;48;40;1.51;0.86;1.29;6;1.29;0.43;2.4;3
7;Thanh Long Nguyen;Binh Duong;28;208;11;CD;0;0;0;0;0.01;0.1;0;0.1;0.03;0.1;0.1;0.1;44;36;0;0;0.61;4.9;1.83;0.41;1.52;7
11;Jeremie Dwayne Lynch;Hai Phong;30;207;7;RM;0.13;0.13;0;0.13;0.29;2.8;29%;0;0.24;1.2;0.67;0.4;22;15;0.27;2.3;10;2.5;6;0.8;1.33;1.2
6;Anh Tuan Dang;Da Nang;27;207;12;DM;0.08;0;0;0.08;0.09;0.92;18%;0;0.09;0.59;1.09;0.42;37;31;0;0.67;2.7;2.9;1.17;0.34;1.93;3
23;Tien Duy Nguyen;Than Quang Ninh;30;207;5;CD;0;0;0;0;0;0;0;0;0.02;0;0;0;51;46;0;0;0.82;5.5;1.37;0.27;2.2;8
97;Viet Hung Trieu;Hoang Anh Gia;24;207;9;DM;0;0;0;0;0.02;0.85;0;0.42;0.09;0.85;0;0;54;46;0;0.85;4.7;5.1;1.7;1.27;2.5;5.9
21;Van Luan Ph?m;Sai Gon;22;207;3;CM;0;0;0;0;0.26;1.08;0;0;0.47;1.63;0.54;0.54;32;27;0.54;2.2;3.3;5.4;1.08;1.08;3.3;3.3
37;Bruno Cantanhede;Ha Noi;28;206;8;F;0.59;0;0;0.59;0.85;4.7;42%;0;0.06;1.18;0;0;13;9;0.2;0.78;5.7;0.98;4.5;0.39;0.2;1.76
20;Xuan Hung Nguyen;Hong Linh;30;206;10;RD;0;0;0;0;0;0;0;0.13;0.14;0.13;0.26;0.13;38;32;0.91;0.39;0.65;2.9;0.65;0.39;0.78;2.9
20;Van Duc Phan;Song Lam Nghe A;25;206;12;LM;0.43;0.09;0.09;0.34;0.27;1.55;44%;0;0.12;0.35;0.43;0.17;20;14;0.52;1.55;4.1;1.04;1.3;0.52;0.69;1.64
77;Trong Dai Nguyen;Viettel;24;206;9;DM;0;0;0;0;0.06;2.6;0;0;0.04;0;0;0;40;33;0.29;1.43;2.9;3.7;2.6;1.15;1.15;4.9
21;Louis Ewonde Epassi;Thanh Hoa;33;205;8;CD;0;0;0;0;0.09;0.5;50%;0;0.04;0.13;0;0;32;22;0;0.38;1.51;5.2;3.3;0.38;1.39;9
3;Duy Khanh Dao;Than Quang Ninh;27;205;6;CD;0;0;0;0;0.06;0.26;0;0;0;0;0;0;48;43;0;0.77;1.29;7;3.9;0.52;1.55;5.4
6;Minh Tuan Vu;Viettel;31;205;9;CM;0.26;0;0;0.26;0.32;2.1;63%;0.26;0.26;1.55;1.55;1.03;32;27;0;1.55;3.6;1.55;0.26;0.26;1.03;1.03
23;Dinh Khuong Tran;Ho Chi Minh;25;205;8;CD;0;0;0;0;0.02;0.12;0;0;0.07;0.12;0.24;0.12;41;36;0;0.12;0.84;4;1.8;0.36;0.96;5.7
16;Tien Dung Bui;Da Nang;22;205;12;CD;0;0;0;0;0;0;0;0;0.04;0.08;0.08;0.08;34;29;0.08;0.08;0.47;4.8;2.3;0.23;0.86;5.2
8;Anh Tai Nguyen;Binh Duong;25;205;5;LD;0;0;0;0;0.01;0.88;0;0;0;0.29;0;0;44;38;0;2.4;3.2;3.5;0.59;0.59;1.47;4.1
3;Thanh Thao Nguyen;Binh Duong;26;205;9;LM;0;0;0;0;0.02;0.33;0;0.11;0.09;0.33;0.43;0.33;39;33;0.33;1.09;2.2;4.6;2.2;0.54;1.52;6
17;Dao Van Nam;Hong Linh;25;205;8;CD;0;0;0;0;0.04;0.16;0;0;0.01;0;0;0;46;38;0;0.32;1.11;4.8;2.9;0.8;0.64;6
22;Nguyen Cong Nhat;Da Nang;28;205;8;LD;0;0;0;0;0.01;0.35;0;0;0.08;0.12;0.35;0.12;41;33;0.35;0.59;0.82;4.9;2.7;0.59;1.06;7
40;Byung-Gun Ahn;Binh Dinh;32;204;12;CD;0;0;0;0;0;0.08;0;0;0;0;0;0;31;25;0;0.24;0.87;6;3.7;0.4;1.83;6
77;Xuan Tu Nghiem;Than Quang Ninh;33;204;11;RM;0;0;0;0;0.02;0.33;33%;0.33;0.5;1.08;2.2;0.87;32;20;1.63;1.08;2.7;1.73;0.22;0.43;1.19;1.3
2;Tung Quoc Ngo;Ho Chi Minh;23;204;8;RD;0.14;0;0;0.14;0.15;0.71;60%;0;0.05;0.14;0.71;0.14;49;40;0.43;1.14;3;5.1;1.99;0.28;2.3;4.5
22;Tien Linh Nguyen;Binh Duong;23;204;11;F;0.53;0.09;0;0.53;0.42;2.8;44%;0.09;0.09;0.97;0.35;0.35;12;9;0.18;0.44;2.4;0.71;1.67;1.06;0.18;1.94
6;Trong Huy Nguyen;Binh Duong;24;204;8;DM;0;0;0;0;0.01;0.25;0;0;0.04;0;0.13;0;35;32;0.25;0.5;2.3;3.8;1.25;1;1.63;5.6
5;Anh Quang Lam;Nam Dinh;30;204;11;CD;0.09;0;0;0.09;0.07;0.34;50%;0;0.01;0.26;0.17;0.09;24;16;0;0.51;1.87;5;2.7;0.17;0.77;6
8;Nguyen Trung Hoc;Hong Linh;23;204;7;DM;0;0;0;0;0.06;0.86;25%;0.86;0.2;0.65;0.86;0.65;38;32;0;1.29;3.2;2.6;1.08;1.51;1.51;4.5
11;Ti?n Anh Le;Binh Dinh;23;204;6;DM;0;0;0;0;0.05;0.75;75%;0;0.12;0.56;0.56;0.38;38;29;0.38;2.6;4.1;3.4;1.13;0.94;1.69;5.1
2;Dinh Tung Hoang;Thanh Hoa;33;203;10;LM;1.04;0;0;1.04;0.72;3.6;57%;0.26;0.2;1.3;0.52;0.26;19;14;0;1.3;2.1;2.1;0.26;0.78;1.56;1.3
66;Tran Dinh Hoang;Da Nang;29;203;9;RD;0;0;0;0;0;0;0;0;0.04;0.23;0.59;0.23;39;29;0.23;1.53;2.9;6;1.64;0.7;2.9;5
3;Xuan Cuong Vu;Thanh Hoa;29;203;12;LD;0;0;0;0;0;0.23;33%;0.08;0.31;0.31;0.62;0.31;37;26;0.86;0.7;1.17;5.5;1.4;0.7;2.4;5.6
15;Du Dat Truong;Binh Duong;24;203;7;CD;0;0;0;0;0;0;0;0;0.04;0;0;0;53;48;0;0;0.49;5.7;3;0.25;0.99;5.9
18;Manh Cuong Tran;Sai Gon;28;203;12;RD;0.08;0;0;0.08;0.06;0.47;33%;0;0.09;0.39;0.39;0.32;44;37;0.71;0.47;2.1;5.4;2.2;0.87;1.97;4.6
43;Nguyen Sa Pham;Than Quang Ninh;32;202;12;DM;0.09;0;0;0.09;0.01;0.18;50%;0;0.02;0.09;0.09;0.09;40;36;0.09;0.7;1.58;2.8;0.61;1.23;1.05;4.1
15;Duc Huy Pham;Ha Noi;26;202;8;CM;0;0;0;0;0.03;0.65;33%;0;0.12;0;0;0;62;55;1.31;0.44;1.96;2.6;0.65;0.44;1.31;2.2
2;Van Khoa Duong;Ho Chi Minh;27;202;11;LD;0;0;0;0;0.02;0.26;0;0;0.04;0.09;0.26;0.09;43;34;0.44;0.79;1.59;6;1.5;0.97;2.1;4.9
79;Qui Lam;Hai Phong;24;202;9;DM;0;0;0;0;0.04;0.73;20%;0.15;0.12;0.29;0.44;0.29;34;26;0.29;0.73;3.2;5.3;1.76;1.76;2;5.7
44;Wesley;Nam Dinh;29;201;12;CD;0.08;0;0;0.08;0.03;0.31;25%;0;0;0.08;0.08;0;24;18;0;0.31;1.47;8;4.6;0.15;1.47;5.6
16;Huy Toan Vo;Ho Chi Minh;28;201;10;LM;0.15;0;0;0.15;0.05;0.88;67%;0;0.03;0.29;0.29;0.15;38;31;0.29;0.88;2;2;0.58;0.15;1.02;3.8
27;Trung Tin Nguyen;Binh Duong;30;201;8;RD;0.14;0;0;0.14;0.02;0.56;75%;0;0.03;0;0.14;0;44;33;0.56;0.56;2.2;5.7;2.9;0.7;2.2;4.5
66;Duc Luong Le;Hoang Anh Gia;27;201;6;LM;0;0;0;0;0.33;1.18;50%;0;0.01;0;0.59;0;34;29;0.59;0.59;2.4;3;1.18;0.59;2.4;4.1
27; Bui Xuan Quy;Sai Gon;29;201;4;DM;0.38;0;0;0.38;0.06;1.89;20%;0;0;0.38;0;0;22;16;0;0.38;1.51;2.3;0.76;0;1.89;1.51
14;Nhat Minh Dao;Hong Linh;29;200;6;DM;0;0;0;0;0.03;0.65;0;0;0.02;0;0;0;29;25;0;0.43;1.73;4.8;0.87;0.43;1.73;3.5
8;Thanh Binh Tran;Ho Chi Minh;27;200;10;DM;0;0;0;0;0.03;1.74;9%;0.16;0.02;0.32;0.63;0.16;48;43;0.32;1.43;2.7;2.9;0.32;1.9;1.11;3.8
2;Nguyễn Hùng Thiện Đức;Binh Duong;21;200;5;LD;0;0;0;0;0.01;0.28;0;0;0.01;0.28;0;0;43;35;0.28;1.39;1.94;3.9;0.83;1.11;1.94;4.4
5;Huu Quy Vu;Binh Dinh;28;200;10;CD;0;0;0;0;0.06;0.39;25%;0;0.01;0.1;0.19;0.1;26;21;0;0.29;0.87;4.2;1.73;0.48;1.73;5.5
77;Xuan Quyit Mai;Nam Dinh;22;200;6;LM;0.34;0;0;0.34;0.14;0.67;50%;0;0.01;0.17;0;0;18;12;0.17;1.35;3.2;3.9;1.85;0.34;1.35;3.7
19;S. Merlo;Sai Gon;36;199;11;F;0.39;0;0;0.39;0.29;2.6;44%;0;0.09;1.26;0.39;0.19;17;12;0;0.68;8;1.46;7;0.29;0.49;2.2
14;Huy Hung Nguyen;Da Nang;29;199;5;DM;0;0;0;0;0.07;0.45;0;0;0.01;0;0.45;0;65;56;0.45;1.79;4;4.5;1.79;0.45;2.2;1.34
14;Hai Huy Nguyen;Than Quang Ninh;30;199;11;CM;0.11;0;0;0.11;0.13;0.98;44%;0.11;0.1;0.54;0.76;0.44;33;27;0.11;0.33;1.85;3.3;1.41;0.65;1.2;2.3
9;Rimario Gordon;Binh Dinh;27;199;11;F;0.26;0;0;0.26;0.26;1.57;39%;0.17;0.16;1.05;0.61;0.44;14;11;0.26;2.3;5.9;1.05;1.57;0.35;0.44;0.61
16;Nguyễn Trần Việt Cường;Binh Duong;20;199;10;LM;0;0;0;0;0.13;1.57;45%;0;0.06;0.43;0.43;0;27;21;0.14;1.85;4.6;1.85;1;0.71;1;2.4
29;Van Nam Pham;Binh Dinh;28;198;11;LD;0;0;0;0;0.02;0.41;0;0;0.01;0.1;0.2;0.1;36;26;0.41;0.72;1.33;4.8;1.63;0.72;2.5;4
22;Phu Nguyen;Hai Phong;25;198;12;LM;0.2;0;0;0.2;0.18;1.64;44%;0.1;0.11;1.23;1.13;0.72;22;15;0.61;1.54;3;2.7;0.72;0.41;1.74;3.1
29;Dinh Manh Nguyen;Nam Dinh;23;198;11;DM;0;0;0;0;0.03;0.65;0;0;0.03;0.19;0.09;0.09;22;18;0;0.84;2.9;2.4;1.3;0.28;1.39;3.7
21;Dao Tan Loc;Binh Duong;23;198;5;DM;0;0;0;0;0;0;0;0;0;0.49;0.49;0.49;29;21;0;1.47;1.47;7;3.4;0.98;1.96;5.9
23;Van Hieu Phan;Nam Dinh;21;198;11;DM;0;0;0;0;0.01;0.4;25%;0.1;0.02;0.2;0.2;0.1;29;23;0;0.71;3;4.9;2.2;1.11;2;6
34;Ngoc Tan Doan;Thanh Hoa;27;197;11;RD;0;0;0;0;0.01;0.54;20%;0;0.04;0.11;0.11;0;41;32;0.11;1.3;3;4.7;1.41;0.98;1.95;6
9;Xuan Hung Le;Thanh Hoa;29;197;4;RM;0;0;0;0;0.13;3.3;0;0;0.13;2.2;1.67;1.67;21;14;1.11;1.67;1.67;1.67;0;0.56;0.56;3.3
22;Anh Vi?t Doan;Than Quang Ninh;22;197;9;CD;0;0;0;0;0;0;0;0;0.01;0;0;0;47;38;0.15;0;0.75;5;2.7;0.6;1.5;8
19;Phi Hoang Nguyen;Da Nang;18;197;6;LM;0;0;0;0;0.09;0.87;50%;0;0.13;0.43;1.3;0.43;29;21;1.3;0.43;2.2;7;1.74;0.87;5.7;3.9
2;Trung Hieu Le;Hai Phong;26;196;12;LD;0;0;0;0;0.01;0.46;20%;0;0.1;0.37;0.46;0.37;36;26;0.65;1.11;1.84;4.6;1.29;0.65;1.66;3.4
6;Sang Ho Woo;Sai Gon;28;196;10;DM;0;0;0;0;0.09;0.92;56%;0;0.08;0.31;0.41;0.2;37;30;0.1;0.61;2.8;2.3;1.12;1.53;1.32;5
17;Anh Ty Tong;Binh Duong;24;196;6;DM;0.43;0;0;0.43;0.08;0.85;100%;0.43;0.12;1.71;0.85;0.85;37;25;0;1.28;3;1.28;0.43;0;0.43;3
14;Adriano Schmidt;Hai Phong;27;196;8;CD;0.12;0;0;0.12;0.02;0.24;100%;0;0.06;0.12;0;0;24;18;0.12;0;1.32;5;3.1;0.6;1.32;5
20;H?ng Quan Vu;Than Quang Ninh;22;196;9;CM;0;0;0;0;0.08;0.8;0;0;0.04;0.4;0.4;0;50;40;0;0;1.6;5.6;1.6;0.4;4;3.6
20;Hoang Lam Pham;Ho Chi Minh;28;195;5;CD;0;0;0;0;0;0;0;0;0;0.37;0.37;0.37;41;36;0;0;0.74;7;5.6;0;1.48;8
19;Quoc Phuong Le;Thanh Hoa;30;195;12;LM;0.31;0;0;0.31;0.09;1.71;36%;0;0.6;0.78;0.93;0.78;18;13;0.62;0.62;1.71;1.71;0.31;0.31;0.93;0.78
17;Tan Tai Nguyen;Binh Dinh;30;195;5;DM;0;0;0;0;0.01;0.24;0;0;0.01;0;0.96;0;27;20;0;0.24;1.93;3.4;1.44;1.2;1.93;4.8
17;Quang Huy Dang;Hai Phong;28;195;7;RD;0;0;0;0;0.02;0.5;0;0;0.13;0.5;0.5;0.25;43;35;0.74;0.99;2.7;5.5;2.7;0.99;2.5;4.7
9;Chevaugn Walsh;Hong Linh;26;195;11;F;0.39;0.19;0.1;0.29;0.53;3.6;32%;0;0.03;0.39;0.67;0.1;18;13;0.1;1.25;4.8;0.96;1.54;0.39;0.67;1.73
19;Hong Phuoc Ngo;Binh Duong;23;195;7;CM;0;0;0;0;0.01;0.31;100%;0.31;0.05;0.63;0.31;0.31;20;17;0;0.94;4.1;4.1;2.5;0.31;2.2;3.8
15;Dinh Tien Tran;Song Lam Nghe A;22;195;7;RM;0;0;0;0;0.04;0.71;33%;0;0.14;0.71;0.94;0.71;20;12;0.47;1.41;2.8;2.1;0.24;1.41;1.65;2.1
9;Bruno de Sousa;Song Lam Nghe A;28;194;10;F;0.11;0;0;0.11;0.28;2;42%;0.21;0.17;0.74;0.32;0.11;16;12;0.21;0.85;8;0.64;5.3;0.53;0.21;0.95
3;Manh Hung Pham;Hai Phong;28;194;12;CD;0;0;0;0;0.01;0.4;20%;0;0.04;0.08;0.32;0;32;23;0.08;0.4;0.88;4.1;1.43;0.08;1.11;8
11;Tuan Anh Nguyen;Hoang Anh Gia;26;194;5;CM;0;0;0;0;0.04;1.08;33%;0.36;0.14;0.36;0;0;45;42;0;0.36;2.5;2.9;0.72;0;1.43;1.08
12;Duy Khanh Tran;Binh Duong;24;194;4;LM;0;0;0;0;0.2;1.19;50%;0;0.01;0.6;0;0;23;18;0;0;1.79;3.6;1.79;0.6;1.79;2.4
20;Manh Dung Le;Hai Phong;27;194;10;DM;0;0;0;0;0.02;0.6;0;0;0.08;0;0.2;0;34;27;0.2;1.39;3.2;4.6;0.89;0.99;2.7;4.2
15;Minh Doan Hu?nh;Da Nang;20;194;4;RD;0;0;0;0;0;0;0;0;0;0;0;0;44;34;1.27;3.2;6;6;1.9;0;3.2;2.5
16;Dinh Dong Tran;Song Lam Nghe A;34;193;11;LD;0;0;0;0;0;0.1;0;0;0.17;0.1;0.2;0.1;36;29;0.4;0.4;1.4;5.3;2.3;1;1.3;5.4
47;Papa Ibou Kebe;Sai Gon;31;193;10;F;0.17;0;0;0.17;0.15;0.67;50%;0;0;0.5;0;0;19;15;0.17;1.34;5.9;1.34;2.7;1.01;1.18;1.18
17;Cong Thanh Nguyen;Sai Gon;30;193;11;LD;0;0;0;0;0.01;0.17;0;0;0.02;0;0;0;37;29;0.43;0.09;1.2;4.3;1.63;0.69;0.6;5.4
8;Minh Trung Nguyen;Sai Gon;28;193;10;DM;0;0;0;0;0.02;0.39;0;0.2;0.17;0.59;0.59;0.39;35;30;1.18;0.99;2.8;1.58;0.99;0.2;0.79;2.2
98;Minh Nghia Pham;Nam Dinh;23;193;11;F;0;0;0;0;0.06;0.4;0;0.2;0.16;0.4;0.2;0.2;19;13;0.2;0.61;3.8;3.8;2.4;0.61;1.82;4.2
6;Van Hieu Bui;Binh Dinh;32;192;11;DM;0;0;0;0;0.05;0.59;25%;0;0.31;0.98;1.57;0.98;38;30;0;0.2;0.98;3.7;0.59;0.78;2.7;3.5
3;Thanh Hao Duong;Binh Dinh;30;192;7;CD;0;0;0;0;0;0;0;0;0;0;0;0;29;23;0;0.39;0.98;5.9;2.4;0.2;1.77;5.9
22;Trum Tinh Pham;Ho Chi Minh;26;192;5;CM;0;0;0;0;0.01;0.73;0;0;0.33;0.73;0.73;0.73;32;26;0.73;2.2;5.9;3.7;1.46;0.73;2.9;2.9
17;Xuan Thang Cao;Song Lam Nghe A;28;192;6;RM;0;0;0;0;0.11;0.73;67%;0;0.11;0.24;0.73;0.24;24;15;0.24;2.4;3.4;2.7;0.73;0.49;2.4;1.95
16;Thanh Chung Nguyen;Ha Noi;24;192;9;CD;0;0;0;0;0.19;1.56;8%;0;0.14;0.39;0.39;0.26;33;26;0;0.26;1.56;4.9;2.9;0.65;1.56;4
18;Thanh Thinh Do;Da Nang;23;192;6;LM;0;0;0;0;0.04;0.49;50%;0;0.1;0.24;0.73;0.24;39;28;0.97;0.49;2.4;3.4;0.49;0.24;1.7;4.6
2;Hoang A;Da Nang;26;192;3;CD;0;0;0;0;0;0;0;0;0;0;0;0;30;25;0;0.8;2.4;4.8;0.8;0;4.8;2.4
18;Sy Giap Ho;Binh Duong;27;192;5;LM;0.45;0;0;0.45;0.33;2.3;20%;0;0.16;0.45;0.91;0.45;18;11;0;0.91;4.1;1.36;2.3;0.45;0.45;3.6
16;Pham Van Long;Hong Linh;24;192;9;RM;0;0;0;0;0.14;1.89;17%;0.32;0.21;0.32;1.26;0.32;40;29;1.89;1.89;3.5;6;1.26;1.26;2.2;6
22;Huu Thang Nguyen;Viettel;21;192;6;CM;0;0;0;0;0;0;0;0;0;0;0;0;47;36;0;2.8;6;2.1;2.8;0.7;0;2.8
23;Nguyen Ba Duc;Hai Phong;23;192;6;RD;0;0;0;0;0.08;0.47;0;0;0.03;0.24;0.24;0.24;26;19;0.47;0.24;1.65;4;1.89;0.71;1.42;6
4;Dinh Chau Bui;Song Lam Nghe A;25;192;12;DM;0;0;0;0;0.03;0.71;13%;0.09;0.06;0.09;0.18;0;31;24;0;0.89;3.9;3.6;1.51;0.98;1.86;4.8
10;Diogo Junior;Than Quang Ninh;31;191;10;F;0.21;0.11;0.11;0.1;0.42;2;42%;0.11;0.07;0.53;0.42;0.11;18;12;0;2.1;8;0.21;3;0.11;0.21;1.05
7;Tien Thanh Dinh;Binh Dinh;30;191;6;CD;0;0;0;0;0.03;0.28;0;0;0.14;0.28;0;0;26;18;0.28;0.85;1.99;5.1;1.71;0.28;1.99;5.4
4;Hoai An Le Cao;Sai Gon;28;191;9;CD;0;0;0;0;0;0;0;0;0;0;0.12;0;28;24;0;0.12;0.87;4.2;2.1;0.12;0.87;5.4
3;Nam Anh Nguyen;Sai Gon;28;191;9;CD;0;0;0;0;0.11;0.91;25%;0;0;0.23;0;0;34;30;0.23;0;0.91;3.6;1.82;0;1.59;5.9
6;Van Toan Dau;Ha Noi;24;191;5;DM;0;0;0;0;0;0;0;0;0.03;0;0.26;0;44;38;0;0;2.6;4.5;1.85;0.53;3.2;3.2
77;Xuan Quyet Mai;Nam Dinh;22;191;5;LM;0;0;0;0;0.27;1.83;13%;0;0.06;0.23;0;0;18;15;0;0.91;2.5;3.7;1.83;0.46;0.91;1.83
9;Hoang Thinh Ngo;Ho Chi Minh;29;190;5;DM;0;0;0;0;0;0.43;50%;0;0.02;0;0;0;40;35;0.65;0.43;1.73;2.2;1.73;1.29;0.65;3.7
9;Andre Diego Fagan;Hai Phong;34;190;9;F;0.23;0;0;0.23;0.34;2.5;45%;0.23;0.23;1.03;0.11;0.11;14;11;0.34;0.68;5.8;0.46;1.71;0.11;0.23;0.57
7;Thanh Hai Nguyen;Da Nang;32;190;8;RM;0;0;0;0;0.01;0.36;0;0;0.35;0.36;0.55;0.18;34;25;0.55;0.91;2.7;1.28;0.36;0.55;0.55;2.4
3;The Nhat Pham;Song Lam Nghe A;30;190;9;RD;0;0;0;0;0.04;0.35;50%;0;0.05;0.17;0.17;0;31;25;0;0.17;1.05;5.1;1.75;0.35;2.4;5.4
99;S. Oladoja;Hoang Anh Gia;35;190;5;F;0;0;0;0;0.15;2.3;50%;0.58;0.09;0.58;0.58;0;18;11;0;0;12;0;9;0;0;0.58
13;Quoc Chi Nguyen Hoang;Sai Gon;29;190;8;LM;0;0;0;0;0.12;1.19;40%;0.24;0.13;0.24;0.48;0.24;30;22;0.24;0.71;4.3;2.1;2.9;0.24;0.71;4.5
93;Junior Barros;Ho Chi Minh;28;189;8;F;0.15;0;0;0.15;0.29;3;20%;0.15;0.04;1.05;0.15;0.15;19;15;0;2.2;5.2;1.65;1.8;0.75;0.9;1.35
39;Tan Tai Huynh;Sai Gon;27;189;5;RM;0;0;0;0;0.06;0.56;50%;0;0.19;0;0.28;0;35;25;0.56;0.28;2.2;3.3;1.39;0.56;1.39;4.2
18;Quoc Huong Le;Hai Phong;32;189;9;RD;0;0;0;0;0.02;0.88;25%;0;0.1;0.22;0.66;0.22;43;32;1.32;0.44;1.1;6;0.88;1.76;2.2;6
9;Duc Chinh Ha;Da Nang;24;189;12;F;0.25;0;0;0.25;0.22;1.36;45%;0.25;0.16;0.49;0.74;0.25;19;12;0.25;0.87;6;0.99;2.7;0.12;0.49;1.61
37;Van Ngo Nguyen;Sai Gon;30;189;6;LD;0;0;0;0;0.03;0.62;33%;0;0.3;0.42;0.83;0.21;29;22;0.62;0.83;2.1;2.7;1.04;1.45;1.66;4.2
30;The Vuong Vu;Nam Dinh;27;189;6;RM;0;0;0;0;0.06;0.42;100%;0.42;0.55;0.85;0.42;0.42;29;25;0.42;0.85;2.1;3;0.42;0;1.27;2.1
19;Sy Minh Le;Ho Chi Minh;28;189;4;DM;0;0;0;0;0.02;0.71;0;0;0.63;0;0;0;33;22;0.71;3.6;4.3;1.43;0;0;0.71;1.43
18;Thanh Truong Doan;Nam Dinh;21;189;3;DM;0.8;0;0;0.8;0.18;0.8;100%;0;0.38;0;0;0;28;18;0;0;3.2;2.4;2.4;0.8;1.61;3.2
90;Patrick;Ho Chi Minh;24;188;4;F;0.3;0;0;0.3;0.33;1.81;17%;0.3;0.05;0.9;0.3;0;20;14;0;1.2;7;1.2;3.3;0.6;0.6;2.7
6;Sy Sam Ho;Song Lam Nghe A;28;188;8;DM;0;0;0;0;0.03;0.42;50%;0;0.13;0.21;0.21;0.21;26;23;0;0.21;1.26;2.7;0.63;1.26;0.84;3.8
17;Trung Hieu Pham;Than Quang Ninh;23;188;8;LM;0;0;0;0;0.01;0.38;0;0;0.13;0.38;1.13;0;31;22;0.38;3;5.7;2.3;1.13;0.76;1.13;3
8;Dinh Son Nguy?n;Nam Dinh;20;188;11;RM;0;0;0;0;0.07;0.58;0;0.44;0.36;0.58;0.29;0.29;24;17;0.44;0.87;2.6;2.9;1.16;0.44;1.45;2.6
89;Claudecir;Da Nang;32;187;4;F;0;0.47;0;0;0.6;2.1;44%;0.23;0.13;1.17;0.93;0.7;20;14;0;0.93;7;2.1;3.5;0.93;1.17;1.4
94;Xuan Nam Nguyen;Binh Dinh;27;187;9;F;0.66;0.33;0.33;0.33;0.62;2.3;43%;0;0.02;0.66;0;0;20;15;0;0.33;2.3;1;1.99;0;0;1.33
15;Xuan Kien Nguyen;Binh Dinh;21;187;6;LD;0;0;0;0;0.01;0.34;0;0;0.03;0;0;0;39;27;1.03;1.38;2.8;4.1;2.4;0.34;1.72;3.4
26;M?nh Qu?nh Tr?n;Song Lam Nghe A;20;187;4;DM;0;0;0;0;0.18;2.1;100%;0.53;0.38;1.58;0.53;0;41;28;1.05;2.1;5.8;1.58;1.05;0;1.58;1.58
8;Dinh Kha Tran;Binh Dinh;27;186;12;F;0;0;0;0;0.16;1.5;8%;0.12;0.15;0.5;0.5;0.12;24;16;0.62;1.75;6;1.99;2.4;0.5;1.75;3.5
12;Van Trung Tran;Binh Dinh;23;186;7;CM;0;0;0;0;0.11;1.57;20%;0;0.04;0;1.26;0;28;17;0.31;2.5;4.1;3.1;0.31;1.26;2.5;4.4
98;Van Hanh Nguyen;Hai Phong;23;186;10;DM;0;0;0;0;0;0.24;0;0;0.01;0;0.12;0;34;26;0.24;0.36;1.2;4.7;2;0.84;1.2;6
14;Van Viet Nguyen;Song Lam Nghe A;22;186;7;RM;0;0;0;0;0.03;0.57;0;0.28;0.36;0.57;0.57;0.28;26;20;0.57;1.42;3.4;2.8;2.3;0.57;1.42;1.42
10;Diego;0;30;185;9;F;0;0;0;0;0.25;2.7;35%;0;0.1;1.06;0.27;0.13;15;11;0;0.8;6;1.46;3.3;0.8;0.66;1.73
29;Tien Anh Truong;Viettel;22;185;6;LM;0;0;0;0;0.09;1.56;0;0;0.13;1.04;1.04;1.04;34;28;0;0;1.56;0.52;0.52;0;0;1.04
4;Dinh Hung Trinh;Thanh Hoa;26;185;6;RD;0;0;0;0;0.05;0.25;100%;0;0.13;0.25;0.25;0.25;25;19;0.25;0.49;1.23;4.9;1.23;0.49;2.7;3
9;Tuan Сanh Doan;Binh Duong;23;185;6;RD;0;0;0;0;0.04;0.98;33%;0;0.07;0;0.33;0;46;38;0.65;0.98;3.6;2.9;2.3;0.98;0.98;5.9
73;Nguyen Hong Son;Ha Noi;20;185;4;DM;0;0;0;0;0.17;2.6;0;0;0;0;0;0;40;34;0;3.9;3.9;2.6;1.3;1.3;1.3;9
91;Thanh Binh Le;Binh Dinh;26;184;6;LM;0;0;0;0;0.02;0.48;50%;0.24;0.04;0.24;0.48;0.24;20;16;0.24;0.72;2.9;1.93;1.2;0.72;0.96;1.68
19;Huu Dinh Nguen;Binh Dinh;30;184;5;DM;0;0;0;0;0.07;0.47;100%;0;0.01;0;0;0;33;25;0.47;0.47;2.3;2.8;0.47;0.93;2.8;1.87
26;Thanh Tin Than;Ho Chi Minh;28;184;4;CD;0;0;0;0;0;0;0;0;0;0;0;0;30;27;0;0.29;0.86;3.1;1.71;0.29;0.57;4.6
10;Manh Hung Tran;Nam Dinh;24;184;3;RM;0;0;0;0;0.1;0.89;0;0.45;0.29;0.45;0;0;25;18;0.45;0.45;3.6;2.2;0.45;0;1.34;1.78
28;Minh Tuan Hoang;Nam Dinh;26;184;9;LM;0;0;0;0;0.08;1.08;0;0.36;0.15;0.72;0.36;0.36;25;21;0;2.5;6;2.9;3.2;0.36;1.44;3.2
79;Le Thanh Phong;Binh Dinh;25;184;6;RM;0;0;0;0;0.05;1.14;0;0;0.27;0.38;0.38;0.38;22;14;0.38;1.9;3;2.3;0.76;0.76;1.52;2.7
15;Bui Van Duc;Ho Chi Minh;24;184;8;LD;0;0;0;0;0.07;0.81;33%;0;0.02;0.27;0.27;0.27;31;21;0.81;0;0.81;2.7;1.62;0.54;1.35;3.8
19;Van Duc Nguyen;Hong Linh;25;184;10;RD;0;0;0;0;0.01;0.48;50%;0;0.01;0;0;0;39;26;0.48;0.96;2.2;2.2;0.48;0.24;0.96;3.6
6;Thanh Hau Phan;Ho Chi Minh;24;183;6;DM;0;0;0;0;0;0;0;0;0;0;0;0;50;43;0;1.32;1.76;1.76;0.44;0;0.88;4.4
21;Martin Lo;Hai Phong;24;182;9;DM;0;0;0;0;0.03;0.2;0;0;0.13;0.41;0.41;0.41;37;29;0.2;1.02;4.5;2.6;0.81;1.22;1.22;2.9
86;Thai Ba Sang;Song Lam Nghe A;22;182;9;CD;0;0;0;0;0.01;0.41;0;0;0;0.2;0.41;0.2;27;20;0.2;0.2;1.64;4.7;2.3;0.82;1.43;4.7
15;Van Trung Duong;Sai Gon;24;182;9;LM;0;0;0;0;0.01;0.2;0;0;0.11;0.8;1;0.8;31;22;0.6;0.2;1.4;2.8;0.6;0.4;1.2;2.6
12;Minh Tam Hoang;Da Nang;30;181;10;DM;0;0;0;0;0;0;0;0;0.04;0;0;0;47;41;0.6;0.3;1.81;2.7;1.2;0.6;1.2;2.7
18;Thanh Trung Doan;Nam Dinh;20;181;5;RM;0;0;0;0;0.03;0.73;0;0.36;0.08;0.36;0;0;16;11;0.36;1.09;2.2;1.46;0.73;0;0.73;2.9
14;Van Toan T?y;Sai Gon;20;181;6;RM;0;0;0;0;0.06;1.31;25%;0;0.18;0.33;1.31;0;31;25;0.98;1.31;1.64;0.65;0.33;0.65;0.65;1.96
29;Cong Den Huynh;Da Nang;20;180;7;DM;0;0;0;0;0.05;0.68;0;0;0;0;0;0;40;31;0.68;1.35;2.7;1.35;0.68;0;1.35;4.1
17;Th? Hung Phan;Nam Dinh;18;180;6;LM;0;0;0;0;0;0;0;0;0.22;0;0;0;34;22;0.78;0.78;1.57;6;1.57;0;3.9;3.1
99;The Cuong Le;Hai Phong;30;179;11;RM;0.14;0;0;0.14;0.12;0.72;20%;0;0.06;0.14;0.14;0.14;18;14;0.29;1.01;2.7;1.74;0.72;0.87;0.72;3
10;Peter Onyekachi;Song Lam Nghe A;27;178;9;F;0;0;0;0;0.14;0.85;17%;0;0.16;0.28;0.56;0.14;24;17;0.14;2.7;10;0.7;4.6;0.14;0.42;1.41
11;Nguyen Hoang Vo;Sai Gon;19;177;9;F;0;0;0;0;0.14;1.29;0;0;0.01;0.32;0.32;0;17;12;0;0.32;1.94;2.6;0.65;0.65;1.94;2.9
25;Trung Hi?u Ly;Sai Gon;20;177;4;RM;0;0;0;0;0;0;0;0;0;0.72;0.72;0;22;16;0;0.72;2.2;0.72;0.72;0.72;0.72;2.2
9;Hiroyuki Takasaki;Kofu;35;176;5;F;0;0;0;0;0.15;1.39;20%;0;0.1;0.56;0.56;0.28;18;12;0.28;0;8;0.56;6;0.28;0.56;1.39
15;Huu Khoi Nguen;Hai Phong;30;176;10;RM;0;0;0;0;0.08;1.41;17%;0;0.07;0;0;0;31;22;0;0.47;3.5;2.6;0.7;1.17;1.88;3.1
11;Van D?c Nguy?n;Song Lam Nghe A;22;176;4;DM;0;0;0;0;0.07;1.01;0;0;0.23;0.5;0;0;34;27;0;0.5;2;3;1.51;0.5;2;4.5
22;Dinh Thang Phan;Song Lam Nghe A;28;175;6;F;0;0;0;0;0;0;0;0;0.12;0;1.64;0;32;21;0.41;1.64;2.5;4.1;0.41;0.82;2.5;2.5
38;Trong Hieu Nguyen;Hai Phong;20;174;3;CD;0;0;0;0;0;0;0;0;0;0;0;0;26;20;0;0;0.43;3.9;0.43;0;1.72;4.7
45;Thanh Dong Nguyen;Hai Phong;26;172;6;LM;0;0;0;0;0;0;0;0;0.02;0;0;0;36;26;1.13;1.69;3.9;2.3;1.13;1.69;2.3;1.13
36;Van Do Le;Da Nang;20;172;3;LM;0;0;0;0;0;0;0;0;0;0;0.98;0;29;17;0;0;0.98;2.9;0;0;0.98;2.9
10;Tuan Tai Ho;Ho Chi Minh;26;169;7;RM;0;0;0;0;0.07;1.82;40%;0;0;0;0.73;0;15;13;0;1.09;2.9;0.73;0.36;0;0.36;1.09
22;Quoc Long Nguyen;Ha Noi;33;0;3;RD;0;0;0;0;0;0;0;0;0.23;0;0;0;44;40;0;0;0;6;2.1;2.1;2.1;8
12;Khac Ngoc Ho;Viettel;29;0;1;DM;0;0;0;0;0.33;2.7;0;0;0.11;0;0;0;52;41;2.7;0;0;2.7;0;0;2.7;8
44;Luizao;Goianesia;31;0;1;CD;0;0;0;0;0;0;0;0;0;0;0;0;56;48;0;0;3.8;0;3.8;1.91;0;19
15;Van Nhien Phung;Nam Dinh;38;0;1;LD;0;0;0;0;0;0;0;0;0.24;0;0;0;28;19;0;1.88;1.88;11;3.8;1.88;8;5.6
28;Dinh Hoang Max;Binh Dinh;35;0;2;DM;0;0;0;0;0;0;0;0;0.03;0;0;0;18;14;0;0;1.18;4.1;1.18;0;2.4;2.4
7;Joseph Mpande;Hai Phong;27;0;2;LM;0;0;0;0;0.13;1.39;0;0;0.35;0.93;1.39;0.93;35;27;0.46;4.6;8;3.7;2.8;1.39;2.3;1.86
10;Hédipo;0;33;0;1;DM;0;0;0;0;0;0;0;0;0.31;0;0;0;30;25;0;3;9;1.48;0;0;0;3
66;Van Dung Nguyen;Ha Noi;27;0;3;LD;0;0;0;0;0.14;0.8;0;0;0.21;0;0;0;55;43;1.61;3.2;4.8;5.6;2.4;0;0;10
93;Van Thanh Pham;Binh Dinh;27;0;2;RM;0;0;0;0;0.04;1.03;50%;0;0;0.52;1.55;0;18;9;0;0.52;4.1;4.7;4.1;1.55;2.6;5.7
32;Ngoc Nam Le;Thanh Hoa;28;0;3;DM;0;0;0;0;0.13;2.2;0;0;0.29;0;0;0;53;42;0;2.2;9;9;7;0;7;4.4
5;Tuan Tu Le;Hai Phong;28;0;1;CD;0;0;0;0;0;0;0;0;0;0;0;0;64;60;0;0;0;3.8;3.8;0;0;3.8
28;Van Viet Nguyen;Hoang Anh Gia;31;0;3;CD;0;0;0;0;0.02;0.87;0;0;0.04;0;0;0;62;56;0;0;0;3.5;0.87;0.87;0.87;2.6
2;Ngoc Duc Vo;Song Lam Nghe A;27;0;2;LD;0;0;0;0;0.01;0.91;0;0;0.09;0;0;0;51;41;2.7;0;2.7;7;4.5;0;0.91;4.5
18;Quang Nam Vu;Ho Chi Minh;29;0;2;F;0;0;0;0;0;0;0;0;0.61;0;0;0;16;10;0;0;0;0;0;0;0;0
6;Huu Phuc Nguyen;Hai Phong;28;0;2;LD;0;0;0;0;0.13;2.1;0;0;0.8;0;0;0;46;31;2.1;0;4.2;4.2;4.2;2.1;0;8
21;Si Nam Nguyen;Song Lam Nghe A;28;0;1;RD;0;0;0;0;0;0;0;0;0;0;0;0;14;14;0;0;0;9;0;0;9;0
4;Van Son Le;Binh Duong;24;0;1;RD;0;0;0;0;0;0;0;0;0.11;0;0;0;59;48;0;0;5.6;11;5.6;2.8;0;14
12;Anh Thi Tran;Sai Gon;25;0;1;CD;0;0;0;0;0;0;0;0;0;0;0;0;21;21;0;0;0;1.38;0;0;0;1.38
39;Cong Thanh Nguyen;Ho Chi Minh;24;0;1;F;0;0;0;0;0;0;0;0;0;0;0;0;11;0;0;0;11;0;11;0;0;0
68;Viet Phong Nguyen;Viettel;29;0;2;RM;0;0;0;0;0.23;1.25;0;0;0.23;0;0;0;44;34;0;0;0;1.25;0;0;0;3.8
98;Ming Di Ho;Ha Noi;23;0;2;LM;0;0;0;0;0.19;2.1;0;0;0;0;2.1;0;26;19;0;4.3;4.3;2.1;0;0;2.1;9
8;Phuc Tinh Ho;Song Lam Nghe A;27;0;1;F;0;0;0;0;0;0;0;0;0;0;0;0;30;30;0;0;0;15;0;0;0;0
12;Van Quang Nguen;Hai Phong;27;0;3;RD;0;0;0;0;0;0;0;0;0;0;0;0;52;46;0;0;1.53;4.6;0;3.1;3.1;3.1
26;Van Dai Le;Thanh Hoa;25;0;3;CD;0;0;0;0;0;0;0;0;0;0;0;0;25;19;0;0;0;4.4;2.6;0.87;0.87;5.2
24;Ngoc Quang Chau;Hoang Anh Gia;25;0;3;CM;0;0;0;0;0;0;0;0;0;0;0;0;27;22;0;5.5;8;5.5;0;2.7;5.5;0
21;Duc Chien Nguyen;Viettel;23;0;2;LD;0;0;0;0;0.24;1.18;50%;0;0;0.59;1.76;0;52;39;0;1.18;5.9;8;5.3;1.18;3.5;5.9
2;Tien Dung Dam;Binh Dinh;25;0;2;LD;0;0;0;0;0.02;0.54;0;0;0.04;0;0;0;43;30;0;1.08;2.7;3.8;0;0;1.62;5.4
89;Van Tram Dang;Binh Dinh;26;0;1;DM;0;0;0;0;0;0;0;0;0.16;0;0;0;30;26;0;0.93;2.8;7;0.93;1.86;6;4.6
8;Van Trung Dong;Hai Phong;27;0;2;LM;0;0;0;0;0.38;7;0;0;0;0;0;0;7;4.7;0;0;4.7;4.7;2.4;0;2.4;4.7
98;Huu Lam Nguyen;Thanh Hoa;23;0;2;CD;0;0;0;0;0;0;0;0;0;0;0;0;0;0;0;0;0;15;8;0;8;15
17;Van Toi Dang;Ha Noi;22;0;3;CD;0;0;0;0;0;0;0;0;0;0;0;0;33;20;0;0;0;12;8;4.1;4.1;8
30;Viet Trieu Vu;Binh Dinh;24;0;3;LD;0;0;0;0;0;0;0;0;0;0;0;0;61;45;0;0;0;6;0;0;6;13
14;Hoang Phuong Tran;Binh Duong;27;0;2;DM;0;0;0;0;0.51;4;0;0;0;0;0;0;28;24;0;0;1.34;1.34;0;0;1.34;0
86;Dung Quang Nho;Hoang Anh Gia;21;0;3;DM;0;0;0;0;0;0;0;0;0.88;0;0;0;64;49;0;4.3;4.3;0;0;0;0;4.3
20;Tran Bao Toan;Hoang Anh Gia;21;0;5;LM;0;0;0;0;0;0;0;0;0;0;3.5;0;42;31;0;7;7;0;0;0;0;3.5
88;Aly Rabo;Binh Duong;35;0;2;CD;0;0;0;0;0.01;0.47;0;0;0;0;0;0;46;36;0;0.47;0.47;3.3;1.89;0.47;1.42;5.7
21;Kiet Nguyen;Hoang Anh Gia;24;0;1;LD;0;0;0;0;0.03;1.15;0;0;0;0;0;0;37;27;0;1.15;1.15;3.5;0;0;0;3.5
79;Mai Sy Hoang;Song Lam Nghe A;22;0;2;LD;0;0;0;0;0.04;1.11;0;0;0.14;0;1.11;0;30;13;0;1.11;4.4;2.2;0;1.11;1.11;1.11
37;The Manh Le;Than Quang Ninh;27;0;1;CM;0;0;0;0;0;0;0;0;0;0;0;0;41;27;0;0;0;14;0;0;9;0
11;Nguyễn Đoàn Trung Nhân;Binh Duong;23;0;1;LM;0;0;0;0;0.32;5.3;100%;0;0;0;0;0;11;11;0;0;5.3;5.3;0;0;0;5.3
20;Manh Dung Nham;Viettel;21;0;3;F;0;0;0;0;0.33;1.91;0;0;0.61;0;0;0;25;21;0;1.91;5.7;1.91;1.91;0;1.91;3.8
31;Nguyen Van Ton;Binh Dinh;27;0;1;CD;0;0;0;0;0;0;0;0;0;0;0;0;33;25;0;0;0;0;0;0;0;16
5;Tran Duc Nam;Hong Linh;22;0;1;F;0;0;0;0;0;0;0;0;0;0;0;0;0;0;0;0;18;0;0;0;0;0
18;Nguyen Van Dat;Hong Linh;23;0;3;CD;0;0;0;0;0;0;0;0;0;0;0;0;58;52;0;0;0;4.4;1.47;0.49;0.49;5.9
21;Trn Hoang Son;Binh Dinh;24;0;3;LM;0;0;0;0;0.15;2.5;67%;0;0;0;0;0;20;12;0;0;0.83;5;0;1.65;4.1;3.3
92;Nguyen Duc Hoang Minh;Viettel;0;0;1;RM;0;0;0;0;0.21;2.6;0;0;0;0;0;0;18;15;0;0;5.1;5.1;0;0;5.1;0
15;Nguyen Cong Huy;Binh Dinh;0;0;1;RM;0;0;0;0;0.05;1.22;0;0;0;0;0;0;41;30;0;1.22;1.22;3.6;2.4;0;1.22;1.22
23;Viet Thang Nguen;Da Nang;31;0;3;LM;0;0;0;0;0.14;2.5;50%;0;0;0;1.25;0;49;39;0;1.25;1.25;2.5;0;0;2.5;0
22;Nguyen Huy Hoang;Viettel;0;0;1;DM;0;0;0;0;0;0;0;0;0;0;0;0;28;7;0;0;0;0;0;0;0;0
17;Thai Binh Hoang;Thanh Hoa;23;0;1;LD;0;0;0;0;0;0;0;0;0;0;0;0;19;7;0;0;4.9;0;0;0;0;2.4
20;Nguyen Trong Hung;Thanh Hoa;24;0;1;LM;0;0;0;0;0;0;0;0;0;0;0;0;0;0;0;0;0;0;0;0;0;0
22;Van Vinh Nguyen;Thanh Hoa;21;0;5;F;0;0;0;0;0.17;1.7;0;0;0;0;0;0;24;17;0;1.7;7;0;1.7;0;0;5.1
90;Van Hoi Pham;Thanh Hoa;27;0;1;LM;0;0;0;0;0;0;0;0;0.33;0;0;0;15;9;3;0;6;0;6;0;0;0
21;Van Quy Doan;Than Quang Ninh;22;0;2;RD;0;0;0;0;0;0;0;0.64;0.31;0.64;0.64;0.64;43;34;0;1.91;3.8;7;1.28;0.64;1.91;4.5
18;Kim Tru?ng Phung;Than Quang Ninh;25;0;2;RM;0;0;0;0;0.3;3.8;0;0;0;1.88;0;0;26;23;0;3.8;3.8;8;0;1.88;5.6;5.6
64;Dc Huy Ngo;Nam Dinh;21;0;1;LM;0;0;0;0;0;0;0;0;0;0;0;0;0;0;0;0;0;0;0;0;0;0
20;Thanh Thu Nguyen;Sai Gon;27;0;1;RD;0;0;0;0;0;0;0;0;0;0;0;0;56;34;0;0;0;3.8;1.91;0;1.91;8
92;Nguyễn Đức Hoàng Minh;Viettel;23;0;2;RD;0;0;0;0;0.03;3.1;0;0;0;0;0;0;47;43;0;0;0;3.1;0;0;3.1;0
37;Nguyễn Hùng Anh;Hai Phong;22;0;2;RM;0;0;0;0;0;0;0;0;0;1.53;1.53;0;32;15;0;1.53;3.1;3.1;3.1;0;0;11
98;Ng?c Mu?i Truong;Phu Tho;28;0;1;CD;0;0;0;0;0.13;0.95;0;0;0;0;0;0;31;30;0;0.95;2.8;5.7;1.89;0;0;9
28;Trong Phu Nguyen;Thanh Hoa;22;0;1;CM;0;0;0;0;0.66;6;0;0;0;6;0;0;6;0;0;0;12;0;6;0;0;0
21;Van Huy Nguyen;Hong Linh;23;0;2;LD;0;0;0;0;0;0;0;0;0;2.6;2.6;2.6;21;16;0;0;0;5.3;0;0;2.6;8
23;Van Minh Nguyen;Ha Noi;22;0;1;RD;0;0;0;0;0;0;0;0;0;0;0;0;70;60;0;0;0;10;0;0;10;0
19;Bui Ngoc Long;Than Quang Ninh;0;0;1;RM;0;0;0;0;0.1;3.3;0;0;0;3.3;3.3;3.3;37;13;0;0;0;0;0;0;0;0
39;Tran Trung Hieu;Than Quang Ninh;28;0;1;RD;0.95;0;0;0.95;0.04;0.95;100%;0;0;0;0;0;43;38;0;1.89;5.7;2.8;2.8;1.89;0.95;3.8
23;Cao Tran Hoang Hung;Viettel;22;0;2;CD;0;0;0;0;0;0;0;0;0;0;0;0;33;30;0;0;6;12;6;0;3;9
12;Tran Duy Khanh;Binh Duong;0;0;3;CM;0;0;0;0;0;0;0;0;0.02;1.64;1.64;1.64;33;26;1.64;0;3.3;1.64;1.64;0;1.64;3.3
19;Ng?c Long Bui;Than Quang Ninh;20;0;3;LM;0;0;0;0;0.19;1.14;100%;0;0.76;4.6;3.4;3.4;27;23;2.3;1.14;3.4;4.6;1.14;0;2.3;0
21;Hoang Son Tran;Binh Dinh;24;0;3;LM;0;0;0;0;0;0;0;0;0;0;1.88;0;8;3.8;0;1.88;3.8;3.8;1.88;1.88;1.88;1.88
9;Tran Ngoc Son;Nam Dinh;0;0;1;LD;0;0;0;0;0;0;0;0;0;0;0;0;31;26;0;0;1.1;7;1.1;2.2;3.3;7
14;Tony Le Tuan Anh;0;22;0;3;RM;0;0;0;0;0;0;0;0;0;0;0;0;13;9;0;1.58;1.58;0;0;0;0;4.7
27;Xuan Quy Bui;Sai Gon;29;0;1;RM;0;0;0;0;0.05;2.6;0;0;0.05;0;0;0;26;24;0;0;0;2.6;2.6;0;0;0
15;Van D?c Bui;Ho Chi Minh;24;0;2;LD;0;0;0;0;0.27;1.98;50%;0;0;0;0;0;40;33;0;0.99;1.98;4.9;0;0;3;3
4;Duc Anh Tran Dang;Nam Dinh;20;0;3;RM;0;0;0;0;0;0;0;0;0;0;0;0;20;15;0;0;0;0;0;0;0;10
3;Hoang Tra Vu;Nam Dinh;19;0;3;RD;0;0;0;0;0;0;0;0;0.15;0;0;0;39;24;0.7;0.7;1.4;3.5;2.1;0.7;0;8
27;Xuan Binh Nguy?n;Song Lam Nghe A;20;0;1;DM;0;0;0;0;0;0;0;0;0;0;0;0;60;30;0;0;0;0;0;0;0;0
25;Van Son Nguy?n;Than Quang Ninh;20;0;3;CM;0;0;0;0;0.02;1.5;0;0;0;0;0;0;11;11;0;0;3;3;0;1.5;1.5;0
21;Doan Van Quy;Than Quang Ninh;23;0;1;RD;0;0;0;0;0;0;0;0;0;0;0;0;34;28;0;0;0;3.1;0;0;0;9
79;Sy Hoang Mai;Song Lam Nghe A;22;0;2;LD;0;0;0;0;0;0;0;0;0;0;0;0;41;28;0;1.13;2.3;1.13;0;0;1.13;9
